,total,name,uf,regiao,ano
1,314,MIGUEL,RO,Norte,2021
2,241,GAEL,RO,Norte,2021
3,240,ARTHUR,RO,Norte,2021
4,235,HEITOR,RO,Norte,2021
5,233,HELENA,RO,Norte,2021
6,223,MARIA ALICE,RO,Norte,2021
7,204,ALICE,RO,Norte,2021
8,182,DAVI,RO,Norte,2021
9,177,CECILIA,RO,Norte,2021
10,168,SAMUEL,RO,Norte,2021
11,166,LAURA,RO,Norte,2021
12,164,JOAO MIGUEL,RO,Norte,2021
13,143,RAVI,RO,Norte,2021
14,135,THEO,RO,Norte,2021
15,130,HELOISA,RO,Norte,2021
16,126,GABRIEL,RO,Norte,2021
17,119,NOAH,RO,Norte,2021
18,116,ISADORA,RO,Norte,2021
19,109,MARIA CECILIA,RO,Norte,2021
20,105,ANTHONY,RO,Norte,2021
21,102,BENICIO,RO,Norte,2021
22,95,ANA JULIA,RO,Norte,2021
23,95,LORENA,RO,Norte,2021
24,94,ELOA,RO,Norte,2021
25,94,VALENTINA,RO,Norte,2021
26,92,ENZO GABRIEL,RO,Norte,2021
27,88,JULIA,RO,Norte,2021
28,87,MURILO,RO,Norte,2021
29,85,NICOLAS,RO,Norte,2021
30,85,JOAO PEDRO,RO,Norte,2021
31,84,PEDRO,RO,Norte,2021
32,84,MARIA CLARA,RO,Norte,2021
33,83,MAITE,RO,Norte,2021
34,80,LORENZO,RO,Norte,2021
35,79,MARIA HELENA,RO,Norte,2021
36,78,ISIS,RO,Norte,2021
37,78,LIVIA,RO,Norte,2021
38,76,ISABELLA,RO,Norte,2021
39,75,EMANUELLY,RO,Norte,2021
40,75,MARIANA,RO,Norte,2021
41,74,SOFIA,RO,Norte,2021
42,74,REBECA,RO,Norte,2021
43,74,EMANUEL,RO,Norte,2021
44,74,GUILHERME,RO,Norte,2021
45,73,ELISA,RO,Norte,2021
46,73,GUSTAVO,RO,Norte,2021
47,71,BERNARDO,RO,Norte,2021
48,71,LUCAS,RO,Norte,2021
49,70,SOPHIA,RO,Norte,2021
50,70,ANA CLARA,RO,Norte,2021
1,133,MARIA ALICE,AC,Norte,2021
2,112,ARTHUR,AC,Norte,2021
3,110,GAEL,AC,Norte,2021
4,104,JOAO MIGUEL,AC,Norte,2021
5,102,RAVI,AC,Norte,2021
6,98,HEITOR,AC,Norte,2021
7,79,SAMUEL,AC,Norte,2021
8,77,MIGUEL,AC,Norte,2021
9,75,DAVI,AC,Norte,2021
10,72,MARIA CECILIA,AC,Norte,2021
11,72,ENZO GABRIEL,AC,Norte,2021
12,67,THEO,AC,Norte,2021
13,60,HELENA,AC,Norte,2021
14,59,NOAH,AC,Norte,2021
15,59,GUILHERME,AC,Norte,2021
16,56,ANA VITORIA,AC,Norte,2021
17,55,LEVI,AC,Norte,2021
18,55,PEDRO HENRIQUE,AC,Norte,2021
19,54,JOAO GUILHERME,AC,Norte,2021
20,54,GABRIEL,AC,Norte,2021
21,51,MAITE,AC,Norte,2021
22,49,LORENA,AC,Norte,2021
23,49,REBECA,AC,Norte,2021
24,47,LAURA,AC,Norte,2021
25,47,HELOISA,AC,Norte,2021
26,47,ALICE,AC,Norte,2021
27,46,ESTHER,AC,Norte,2021
28,46,BERNARDO,AC,Norte,2021
29,44,MURILO,AC,Norte,2021
30,44,BENJAMIN,AC,Norte,2021
31,43,ISADORA,AC,Norte,2021
32,43,ELOA,AC,Norte,2021
33,42,LORENZO,AC,Norte,2021
34,42,MARIA HELENA,AC,Norte,2021
35,41,JOAO PEDRO,AC,Norte,2021
36,41,ANA JULIA,AC,Norte,2021
37,41,JOAO LUCAS,AC,Norte,2021
38,41,MARIA CLARA,AC,Norte,2021
39,38,MARIA EDUARDA,AC,Norte,2021
40,38,ANA LIZ,AC,Norte,2021
41,38,ISAAC,AC,Norte,2021
42,37,NICOLAS,AC,Norte,2021
43,36,MARIA JULIA,AC,Norte,2021
44,36,VALENTINA,AC,Norte,2021
45,36,AYLA,AC,Norte,2021
46,35,DANIEL,AC,Norte,2021
47,35,RHAVI,AC,Norte,2021
48,34,ANTHONY,AC,Norte,2021
49,34,ELIAS,AC,Norte,2021
50,33,CECILIA,AC,Norte,2021
1,468,ARTHUR,AM,Norte,2021
2,365,MARIA ALICE,AM,Norte,2021
3,357,GAEL,AM,Norte,2021
4,347,MIGUEL,AM,Norte,2021
5,323,HEITOR,AM,Norte,2021
6,302,SAMUEL,AM,Norte,2021
7,287,JOAO MIGUEL,AM,Norte,2021
8,263,RAVI,AM,Norte,2021
9,261,MARIA CLARA,AM,Norte,2021
10,224,GABRIEL,AM,Norte,2021
11,223,DAVI,AM,Norte,2021
12,215,ENZO GABRIEL,AM,Norte,2021
13,214,NOAH,AM,Norte,2021
14,214,ANTHONY,AM,Norte,2021
15,212,LAURA,AM,Norte,2021
16,210,MARIA JULIA,AM,Norte,2021
17,209,HELENA,AM,Norte,2021
18,205,MARIA,AM,Norte,2021
19,204,ALICE,AM,Norte,2021
20,203,BERNARDO,AM,Norte,2021
21,202,ANA CLARA,AM,Norte,2021
22,198,ISADORA,AM,Norte,2021
23,195,THEO,AM,Norte,2021
24,176,MARIA EDUARDA,AM,Norte,2021
25,165,VALENTINA,AM,Norte,2021
26,164,PEDRO HENRIQUE,AM,Norte,2021
27,155,LEVI,AM,Norte,2021
28,155,MARIA HELENA,AM,Norte,2021
29,152,MARIA CECILIA,AM,Norte,2021
30,150,MARIA ISIS,AM,Norte,2021
31,149,GUILHERME,AM,Norte,2021
32,142,LUCAS,AM,Norte,2021
33,141,ELOA,AM,Norte,2021
34,141,NICOLAS,AM,Norte,2021
35,139,MAITE,AM,Norte,2021
36,137,REBECA,AM,Norte,2021
37,135,ARTHUR MIGUEL,AM,Norte,2021
38,135,AYLA,AM,Norte,2021
39,134,JOSE,AM,Norte,2021
40,132,LORENZO,AM,Norte,2021
41,131,HELOISA,AM,Norte,2021
42,130,DANIEL,AM,Norte,2021
43,126,AURORA,AM,Norte,2021
44,126,BENICIO,AM,Norte,2021
45,123,MARIA LUIZA,AM,Norte,2021
46,121,MURILO,AM,Norte,2021
47,121,JOAO PEDRO,AM,Norte,2021
48,120,ANA JULIA,AM,Norte,2021
49,117,ANA VITORIA,AM,Norte,2021
50,117,JOAO GUILHERME,AM,Norte,2021
1,55,MIGUEL,RR,Norte,2021
2,51,JOAO MIGUEL,RR,Norte,2021
3,50,MARIA ALICE,RR,Norte,2021
4,50,HEITOR,RR,Norte,2021
5,48,GAEL,RR,Norte,2021
6,47,SAMUEL,RR,Norte,2021
7,47,GABRIEL,RR,Norte,2021
8,46,ARTHUR,RR,Norte,2021
9,42,HELENA,RR,Norte,2021
10,42,DAVI,RR,Norte,2021
11,40,HELOISA,RR,Norte,2021
12,35,LAURA,RR,Norte,2021
13,34,MARIA CLARA,RR,Norte,2021
14,34,MARIA CECILIA,RR,Norte,2021
15,34,ENZO GABRIEL,RR,Norte,2021
16,31,MARIA EDUARDA,RR,Norte,2021
17,31,THEO,RR,Norte,2021
18,30,MARIA JULIA,RR,Norte,2021
19,30,BERNARDO,RR,Norte,2021
20,29,NOAH,RR,Norte,2021
21,29,ALICE,RR,Norte,2021
22,27,ANA CLARA,RR,Norte,2021
23,27,CECILIA,RR,Norte,2021
24,26,PEDRO HENRIQUE,RR,Norte,2021
25,25,RAVI,RR,Norte,2021
26,24,MARIA HELENA,RR,Norte,2021
27,23,ARTHUR MIGUEL,RR,Norte,2021
28,23,EMANUEL,RR,Norte,2021
29,22,ELOA,RR,Norte,2021
30,22,DANIEL,RR,Norte,2021
31,21,PEDRO,RR,Norte,2021
32,21,ISADORA,RR,Norte,2021
33,21,MARIA ISIS,RR,Norte,2021
34,21,ANA JULIA,RR,Norte,2021
35,20,GUSTAVO,RR,Norte,2021
36,20,LUCAS,RR,Norte,2021
37,20,ANTHONY,RR,Norte,2021
38,20,MARIANA,RR,Norte,2021
39,19,MARIA LUIZA,RR,Norte,2021
40,19,LUCAS GABRIEL,RR,Norte,2021
41,19,ANTHONY GABRIEL,RR,Norte,2021
42,18,REBECA,RR,Norte,2021
43,18,BENICIO,RR,Norte,2021
44,17,JOSUE,RR,Norte,2021
45,17,GUILHERME,RR,Norte,2021
46,17,ISIS,RR,Norte,2021
47,17,AURORA,RR,Norte,2021
48,17,AYLA,RR,Norte,2021
49,17,MAITE,RR,Norte,2021
50,17,ISABELLA,RR,Norte,2021
1,892,GAEL,PA,Norte,2021
2,876,MARIA ALICE,PA,Norte,2021
3,784,JOAO MIGUEL,PA,Norte,2021
4,776,ARTHUR,PA,Norte,2021
5,753,HEITOR,PA,Norte,2021
6,749,MIGUEL,PA,Norte,2021
7,604,SAMUEL,PA,Norte,2021
8,602,MARIA CECILIA,PA,Norte,2021
9,553,ENZO GABRIEL,PA,Norte,2021
10,551,DAVI,PA,Norte,2021
11,540,RAVI,PA,Norte,2021
12,492,GABRIEL,PA,Norte,2021
13,450,ALICE,PA,Norte,2021
14,445,LAURA,PA,Norte,2021
15,421,HELENA,PA,Norte,2021
16,421,MARIA CLARA,PA,Norte,2021
17,407,MARIA JULIA,PA,Norte,2021
18,399,MARIA EDUARDA,PA,Norte,2021
19,375,JOAO GUILHERME,PA,Norte,2021
20,365,JOAO LUCAS,PA,Norte,2021
21,354,MARIA ISIS,PA,Norte,2021
22,353,ANTHONY,PA,Norte,2021
23,353,THEO,PA,Norte,2021
24,348,REBECA,PA,Norte,2021
25,347,MARIA HELENA,PA,Norte,2021
26,342,ISADORA,PA,Norte,2021
27,337,LORENZO,PA,Norte,2021
28,334,MAITE,PA,Norte,2021
29,331,NICOLAS,PA,Norte,2021
30,330,GUILHERME,PA,Norte,2021
31,327,CECILIA,PA,Norte,2021
32,324,PEDRO HENRIQUE,PA,Norte,2021
33,320,BERNARDO,PA,Norte,2021
34,317,ELOA,PA,Norte,2021
35,312,ANA CLARA,PA,Norte,2021
36,312,VALENTINA,PA,Norte,2021
37,309,NOAH,PA,Norte,2021
38,307,MARIA,PA,Norte,2021
39,305,HELOISA,PA,Norte,2021
40,301,DANIEL,PA,Norte,2021
41,284,ANA VITORIA,PA,Norte,2021
42,280,MARIA LUIZA,PA,Norte,2021
43,275,ANA LAURA,PA,Norte,2021
44,268,ELISA,PA,Norte,2021
45,264,JULIA,PA,Norte,2021
46,263,ISAAC,PA,Norte,2021
47,259,JOAO PEDRO,PA,Norte,2021
48,258,AURORA,PA,Norte,2021
49,257,ISIS,PA,Norte,2021
50,254,LEVI,PA,Norte,2021
1,114,GAEL,AP,Norte,2021
2,106,MIGUEL,AP,Norte,2021
3,96,ARTHUR,AP,Norte,2021
4,95,MARIA ALICE,AP,Norte,2021
5,88,RAVI,AP,Norte,2021
6,84,SAMUEL,AP,Norte,2021
7,71,DAVI,AP,Norte,2021
8,69,HEITOR,AP,Norte,2021
9,69,JOAO MIGUEL,AP,Norte,2021
10,58,ENZO GABRIEL,AP,Norte,2021
11,57,MAITE,AP,Norte,2021
12,55,MARIA CLARA,AP,Norte,2021
13,54,MARIA ISIS,AP,Norte,2021
14,54,HELENA,AP,Norte,2021
15,53,MARIA EDUARDA,AP,Norte,2021
16,52,ANTHONY,AP,Norte,2021
17,52,MARIA CECILIA,AP,Norte,2021
18,48,PEDRO HENRIQUE,AP,Norte,2021
19,48,ANA JULIA,AP,Norte,2021
20,47,ALICE,AP,Norte,2021
21,47,LAURA,AP,Norte,2021
22,47,THEO,AP,Norte,2021
23,45,VALENTINA,AP,Norte,2021
24,45,GUILHERME,AP,Norte,2021
25,45,GABRIEL,AP,Norte,2021
26,45,REBECA,AP,Norte,2021
27,44,ELOA,AP,Norte,2021
28,43,DANIEL,AP,Norte,2021
29,42,MARIA JULIA,AP,Norte,2021
30,41,ANA VITORIA,AP,Norte,2021
31,41,MARIA HELENA,AP,Norte,2021
32,40,ANA CLARA,AP,Norte,2021
33,40,ISADORA,AP,Norte,2021
34,39,NOAH,AP,Norte,2021
35,38,GUSTAVO,AP,Norte,2021
36,36,NICOLAS,AP,Norte,2021
37,34,LUNA,AP,Norte,2021
38,33,HENRIQUE,AP,Norte,2021
39,33,LORENZO,AP,Norte,2021
40,33,EMANUEL,AP,Norte,2021
41,32,CECILIA,AP,Norte,2021
42,32,JOSUE,AP,Norte,2021
43,32,ESTHER,AP,Norte,2021
44,30,ISAAC,AP,Norte,2021
45,30,MARIA LUIZA,AP,Norte,2021
46,30,LEVI,AP,Norte,2021
47,29,MARIA VALENTINA,AP,Norte,2021
48,29,PEDRO,AP,Norte,2021
49,28,JOAO PEDRO,AP,Norte,2021
50,28,JOAQUIM,AP,Norte,2021
1,255,MIGUEL,TO,Norte,2021
2,253,HEITOR,TO,Norte,2021
3,247,GAEL,TO,Norte,2021
4,235,MARIA ALICE,TO,Norte,2021
5,225,ARTHUR,TO,Norte,2021
6,221,JOAO MIGUEL,TO,Norte,2021
7,203,HELENA,TO,Norte,2021
8,197,DAVI,TO,Norte,2021
9,191,BERNARDO,TO,Norte,2021
10,189,THEO,TO,Norte,2021
11,180,MARIA CECILIA,TO,Norte,2021
12,177,ALICE,TO,Norte,2021
13,176,SAMUEL,TO,Norte,2021
14,160,LAURA,TO,Norte,2021
15,154,GABRIEL,TO,Norte,2021
16,149,RAVI,TO,Norte,2021
17,145,HELOISA,TO,Norte,2021
18,141,CECILIA,TO,Norte,2021
19,135,MAITE,TO,Norte,2021
20,131,ELISA,TO,Norte,2021
21,122,VALENTINA,TO,Norte,2021
22,109,ISAAC,TO,Norte,2021
23,101,ANTHONY,TO,Norte,2021
24,100,NOAH,TO,Norte,2021
25,100,ELOA,TO,Norte,2021
26,100,ENZO GABRIEL,TO,Norte,2021
27,98,ISIS,TO,Norte,2021
28,98,JOAO LUCAS,TO,Norte,2021
29,97,LIZ,TO,Norte,2021
30,91,HENRIQUE,TO,Norte,2021
31,91,BENICIO,TO,Norte,2021
32,90,REBECA,TO,Norte,2021
33,87,JULIA,TO,Norte,2021
34,87,NICOLAS,TO,Norte,2021
35,83,ISADORA,TO,Norte,2021
36,81,MARIA CLARA,TO,Norte,2021
37,81,LEVI,TO,Norte,2021
38,80,MARIA JULIA,TO,Norte,2021
39,80,ANA VITORIA,TO,Norte,2021
40,80,PEDRO,TO,Norte,2021
41,76,MARIA ISIS,TO,Norte,2021
42,73,ANA JULIA,TO,Norte,2021
43,72,ANA LIZ,TO,Norte,2021
44,70,JOAO GABRIEL,TO,Norte,2021
45,69,SOPHIA,TO,Norte,2021
46,69,LUCAS,TO,Norte,2021
47,66,LORENZO,TO,Norte,2021
48,66,ISABELLA,TO,Norte,2021
49,64,ANA LAURA,TO,Norte,2021
50,64,AURORA,TO,Norte,2021
1,848,MARIA ALICE,MA,Nordeste,2021
2,791,JOAO MIGUEL,MA,Nordeste,2021
3,786,GAEL,MA,Nordeste,2021
4,748,MARIA CECILIA,MA,Nordeste,2021
5,590,HEITOR,MA,Nordeste,2021
6,577,ARTHUR,MA,Nordeste,2021
7,513,MARIA ISIS,MA,Nordeste,2021
8,504,ENZO GABRIEL,MA,Nordeste,2021
9,486,MIGUEL,MA,Nordeste,2021
10,459,SAMUEL,MA,Nordeste,2021
11,440,RAVI,MA,Nordeste,2021
12,424,THEO,MA,Nordeste,2021
13,381,JOAO LUCAS,MA,Nordeste,2021
14,379,MARIA JULIA,MA,Nordeste,2021
15,352,HELENA,MA,Nordeste,2021
16,328,DAVI,MA,Nordeste,2021
17,323,HELOISA,MA,Nordeste,2021
18,313,MARIA HELENA,MA,Nordeste,2021
19,303,ALICE,MA,Nordeste,2021
20,303,GABRIEL,MA,Nordeste,2021
21,303,ISADORA,MA,Nordeste,2021
22,302,ISAAC,MA,Nordeste,2021
23,297,MARIA CLARA,MA,Nordeste,2021
24,285,MARIA LIZ,MA,Nordeste,2021
25,282,JOAO GUILHERME,MA,Nordeste,2021
26,274,LORENZO,MA,Nordeste,2021
27,270,ANA JULIA,MA,Nordeste,2021
28,269,LEVI,MA,Nordeste,2021
29,267,ANTHONY,MA,Nordeste,2021
30,267,MARIA EDUARDA,MA,Nordeste,2021
31,261,BERNARDO,MA,Nordeste,2021
32,257,BENJAMIM,MA,Nordeste,2021
33,251,BENICIO,MA,Nordeste,2021
34,244,ANA LIZ,MA,Nordeste,2021
35,242,LAURA,MA,Nordeste,2021
36,240,NICOLAS,MA,Nordeste,2021
37,237,VALENTINA,MA,Nordeste,2021
38,234,NOAH,MA,Nordeste,2021
39,233,MAITE,MA,Nordeste,2021
40,228,PEDRO HENRIQUE,MA,Nordeste,2021
41,223,ELISA,MA,Nordeste,2021
42,218,ELOA,MA,Nordeste,2021
43,215,MARIA VITORIA,MA,Nordeste,2021
44,214,DAVI LUCAS,MA,Nordeste,2021
45,212,AURORA,MA,Nordeste,2021
46,212,REBECA,MA,Nordeste,2021
47,199,BENJAMIN,MA,Nordeste,2021
48,197,AYLLA,MA,Nordeste,2021
49,197,MARIA,MA,Nordeste,2021
50,195,JOAO PEDRO,MA,Nordeste,2021
1,400,MARIA ALICE,PI,Nordeste,2021
2,345,JOAO MIGUEL,PI,Nordeste,2021
3,314,GAEL,PI,Nordeste,2021
4,290,MARIA CECILIA,PI,Nordeste,2021
5,258,MARIA ISIS,PI,Nordeste,2021
6,257,MIGUEL,PI,Nordeste,2021
7,249,ARTHUR,PI,Nordeste,2021
8,236,HEITOR,PI,Nordeste,2021
9,231,RAVI,PI,Nordeste,2021
10,230,THEO,PI,Nordeste,2021
11,211,MARIA JULIA,PI,Nordeste,2021
12,208,ENZO GABRIEL,PI,Nordeste,2021
13,193,SAMUEL,PI,Nordeste,2021
14,178,JOAO LUCAS,PI,Nordeste,2021
15,168,DAVI,PI,Nordeste,2021
16,157,MARIA LIZ,PI,Nordeste,2021
17,156,GABRIEL,PI,Nordeste,2021
18,148,MARIA VITORIA,PI,Nordeste,2021
19,146,ALICE,PI,Nordeste,2021
20,143,HELENA,PI,Nordeste,2021
21,140,BERNARDO,PI,Nordeste,2021
22,137,JOAO GUILHERME,PI,Nordeste,2021
23,133,LORENZO,PI,Nordeste,2021
24,131,BENICIO,PI,Nordeste,2021
25,130,MARIA CLARA,PI,Nordeste,2021
26,128,MARIA VALENTINA,PI,Nordeste,2021
27,126,ANA JULIA,PI,Nordeste,2021
28,126,ISAAC,PI,Nordeste,2021
29,120,LEVI,PI,Nordeste,2021
30,117,MARIA HELENA,PI,Nordeste,2021
31,109,MARIA LAURA,PI,Nordeste,2021
32,109,ANA LIZ,PI,Nordeste,2021
33,107,BENJAMIN,PI,Nordeste,2021
34,107,LAURA,PI,Nordeste,2021
35,106,MARIA EDUARDA,PI,Nordeste,2021
36,105,HELOISA,PI,Nordeste,2021
37,103,MARIA HELOISA,PI,Nordeste,2021
38,97,JOAO PEDRO,PI,Nordeste,2021
39,97,ANA VITORIA,PI,Nordeste,2021
40,96,VALENTINA,PI,Nordeste,2021
41,95,NOAH,PI,Nordeste,2021
42,95,LUCAS,PI,Nordeste,2021
43,93,MARIA,PI,Nordeste,2021
44,92,BENJAMIM,PI,Nordeste,2021
45,92,ELOA,PI,Nordeste,2021
46,92,CECILIA,PI,Nordeste,2021
47,91,LORENA,PI,Nordeste,2021
48,91,REBECA,PI,Nordeste,2021
49,91,ANTHONY,PI,Nordeste,2021
50,90,MARIA ELOA,PI,Nordeste,2021
1,1333,MARIA ALICE,CE,Nordeste,2021
2,1006,JOAO MIGUEL,CE,Nordeste,2021
3,877,MARIA CECILIA,CE,Nordeste,2021
4,799,MARIA ISIS,CE,Nordeste,2021
5,787,ARTHUR,CE,Nordeste,2021
6,750,MIGUEL,CE,Nordeste,2021
7,730,GAEL,CE,Nordeste,2021
8,683,HEITOR,CE,Nordeste,2021
9,672,THEO,CE,Nordeste,2021
10,622,MARIA LIZ,CE,Nordeste,2021
11,599,MARIA JULIA,CE,Nordeste,2021
12,539,SAMUEL,CE,Nordeste,2021
13,531,ANA LIZ,CE,Nordeste,2021
14,530,RAVI,CE,Nordeste,2021
15,516,ENZO GABRIEL,CE,Nordeste,2021
16,506,DAVI,CE,Nordeste,2021
17,489,MARIA CLARA,CE,Nordeste,2021
18,450,BERNARDO,CE,Nordeste,2021
19,430,GABRIEL,CE,Nordeste,2021
20,427,MARIA ELOA,CE,Nordeste,2021
21,425,NOAH,CE,Nordeste,2021
22,423,JOAO LUCAS,CE,Nordeste,2021
23,422,ISAAC,CE,Nordeste,2021
24,421,MARIA HELENA,CE,Nordeste,2021
25,389,MARIA VALENTINA,CE,Nordeste,2021
26,388,LAURA,CE,Nordeste,2021
27,381,JOAO GUILHERME,CE,Nordeste,2021
28,355,MAITE,CE,Nordeste,2021
29,352,ANA LAURA,CE,Nordeste,2021
30,346,MARIA HELOISA,CE,Nordeste,2021
31,341,MARIA LUIZA,CE,Nordeste,2021
32,336,JOSE MIGUEL,CE,Nordeste,2021
33,334,BENICIO,CE,Nordeste,2021
34,312,ANA JULIA,CE,Nordeste,2021
35,305,MARIA LAURA,CE,Nordeste,2021
36,304,LORENZO,CE,Nordeste,2021
37,301,MARIA EDUARDA,CE,Nordeste,2021
38,300,JOAO PEDRO,CE,Nordeste,2021
39,293,MARIA VITORIA,CE,Nordeste,2021
40,285,ALICE,CE,Nordeste,2021
41,279,ANA CECILIA,CE,Nordeste,2021
42,275,LEVI,CE,Nordeste,2021
43,261,BENJAMIM,CE,Nordeste,2021
44,259,NICOLAS,CE,Nordeste,2021
45,258,HELOISA,CE,Nordeste,2021
46,255,AURORA,CE,Nordeste,2021
47,255,PEDRO,CE,Nordeste,2021
48,255,JOAO GABRIEL,CE,Nordeste,2021
49,254,HELENA,CE,Nordeste,2021
50,249,MARIA ELISA,CE,Nordeste,2021
1,428,MARIA ALICE,RN,Nordeste,2021
2,331,JOAO MIGUEL,RN,Nordeste,2021
3,303,MARIA HELENA,RN,Nordeste,2021
4,276,MARIA CECILIA,RN,Nordeste,2021
5,258,MIGUEL,RN,Nordeste,2021
6,215,SAMUEL,RN,Nordeste,2021
7,207,MARIA LIZ,RN,Nordeste,2021
8,198,ENZO GABRIEL,RN,Nordeste,2021
9,196,MARIA JULIA,RN,Nordeste,2021
10,192,HEITOR,RN,Nordeste,2021
11,186,GAEL,RN,Nordeste,2021
12,179,MARIA CLARA,RN,Nordeste,2021
13,173,MARIA ISIS,RN,Nordeste,2021
14,173,THEO,RN,Nordeste,2021
15,172,DAVI,RN,Nordeste,2021
16,146,RAVI,RN,Nordeste,2021
17,146,JOAO GUILHERME,RN,Nordeste,2021
18,143,GABRIEL,RN,Nordeste,2021
19,139,ARTHUR,RN,Nordeste,2021
20,135,MARIA LUIZA,RN,Nordeste,2021
21,133,JOAO LUCAS,RN,Nordeste,2021
22,128,BERNARDO,RN,Nordeste,2021
23,126,MARIA VITORIA,RN,Nordeste,2021
24,123,JOSE MIGUEL,RN,Nordeste,2021
25,122,MARIA VALENTINA,RN,Nordeste,2021
26,117,LAURA,RN,Nordeste,2021
27,116,HELENA,RN,Nordeste,2021
28,111,MARIA ELOA,RN,Nordeste,2021
29,107,ALICE,RN,Nordeste,2021
30,106,ANA LIZ,RN,Nordeste,2021
31,103,ANA JULIA,RN,Nordeste,2021
32,102,JOAO PEDRO,RN,Nordeste,2021
33,100,ANA LAURA,RN,Nordeste,2021
34,99,BENICIO,RN,Nordeste,2021
35,94,LEVI,RN,Nordeste,2021
36,92,MAITE,RN,Nordeste,2021
37,92,LIZ,RN,Nordeste,2021
38,91,JOAO GABRIEL,RN,Nordeste,2021
39,91,MARIA,RN,Nordeste,2021
40,90,LUCAS,RN,Nordeste,2021
41,90,ANA CECILIA,RN,Nordeste,2021
42,88,NOAH,RN,Nordeste,2021
43,87,MARIA EDUARDA,RN,Nordeste,2021
44,87,GUILHERME,RN,Nordeste,2021
45,87,MARIA LAURA,RN,Nordeste,2021
46,85,JOSE,RN,Nordeste,2021
47,81,PEDRO HENRIQUE,RN,Nordeste,2021
48,80,ANTHONY GABRIEL,RN,Nordeste,2021
49,80,NICOLAS,RN,Nordeste,2021
50,79,LUIZ MIGUEL,RN,Nordeste,2021
1,727,MARIA ALICE,PB,Nordeste,2021
2,414,MIGUEL,PB,Nordeste,2021
3,399,JOAO MIGUEL,PB,Nordeste,2021
4,381,MARIA CECILIA,PB,Nordeste,2021
5,349,MARIA HELENA,PB,Nordeste,2021
6,340,ARTHUR,PB,Nordeste,2021
7,327,GAEL,PB,Nordeste,2021
8,316,DAVI,PB,Nordeste,2021
9,306,HEITOR,PB,Nordeste,2021
10,296,SAMUEL,PB,Nordeste,2021
11,294,ENZO GABRIEL,PB,Nordeste,2021
12,294,MARIA CLARA,PB,Nordeste,2021
13,268,MARIA JULIA,PB,Nordeste,2021
14,260,GABRIEL,PB,Nordeste,2021
15,247,RAVI,PB,Nordeste,2021
16,225,THEO,PB,Nordeste,2021
17,216,JOAO LUCAS,PB,Nordeste,2021
18,211,LAURA,PB,Nordeste,2021
19,209,MARIA LIZ,PB,Nordeste,2021
20,202,MARIA VITORIA,PB,Nordeste,2021
21,195,MARIA ISIS,PB,Nordeste,2021
22,190,HELENA,PB,Nordeste,2021
23,182,BERNARDO,PB,Nordeste,2021
24,175,MARIA LUIZA,PB,Nordeste,2021
25,173,JOSE MIGUEL,PB,Nordeste,2021
26,172,ISAAC,PB,Nordeste,2021
27,172,ALICE,PB,Nordeste,2021
28,152,ANA JULIA,PB,Nordeste,2021
29,148,MARIA HELOISA,PB,Nordeste,2021
30,147,JOAO GUILHERME,PB,Nordeste,2021
31,146,LORENA,PB,Nordeste,2021
32,144,PEDRO HENRIQUE,PB,Nordeste,2021
33,144,LEVI,PB,Nordeste,2021
34,140,ANA LIZ,PB,Nordeste,2021
35,138,ANA LAURA,PB,Nordeste,2021
36,137,JOAO PEDRO,PB,Nordeste,2021
37,137,PEDRO,PB,Nordeste,2021
38,134,MARIA VALENTINA,PB,Nordeste,2021
39,133,MARIA LAURA,PB,Nordeste,2021
40,131,ANTHONY,PB,Nordeste,2021
41,131,BENICIO,PB,Nordeste,2021
42,130,MARIA ELOA,PB,Nordeste,2021
43,126,NOAH,PB,Nordeste,2021
44,126,MARIA EDUARDA,PB,Nordeste,2021
45,125,GUILHERME,PB,Nordeste,2021
46,125,JOSE,PB,Nordeste,2021
47,121,DAVI LUCAS,PB,Nordeste,2021
48,118,LIZ,PB,Nordeste,2021
49,116,LUCAS,PB,Nordeste,2021
50,115,LORENZO,PB,Nordeste,2021
1,1385,MARIA ALICE,PE,Nordeste,2021
2,859,MARIA CECILIA,PE,Nordeste,2021
3,837,JOAO MIGUEL,PE,Nordeste,2021
4,736,MIGUEL,PE,Nordeste,2021
5,691,MARIA CLARA,PE,Nordeste,2021
6,639,MARIA HELENA,PE,Nordeste,2021
7,623,ARTHUR,PE,Nordeste,2021
8,595,ENZO GABRIEL,PE,Nordeste,2021
9,583,SAMUEL,PE,Nordeste,2021
10,582,DAVI,PE,Nordeste,2021
11,572,MARIA JULIA,PE,Nordeste,2021
12,565,HEITOR,PE,Nordeste,2021
13,524,GAEL,PE,Nordeste,2021
14,466,GABRIEL,PE,Nordeste,2021
15,460,JOAO GUILHERME,PE,Nordeste,2021
16,455,BERNARDO,PE,Nordeste,2021
17,443,THEO,PE,Nordeste,2021
18,436,MARIA ISIS,PE,Nordeste,2021
19,435,RAVI,PE,Nordeste,2021
20,415,JOAO LUCAS,PE,Nordeste,2021
21,390,MARIA LUIZA,PE,Nordeste,2021
22,387,JOAO PEDRO,PE,Nordeste,2021
23,369,HELENA,PE,Nordeste,2021
24,362,LAURA,PE,Nordeste,2021
25,351,MARIA LIZ,PE,Nordeste,2021
26,346,MARIA HELOISA,PE,Nordeste,2021
27,338,ALICE,PE,Nordeste,2021
28,336,PEDRO HENRIQUE,PE,Nordeste,2021
29,323,MARIA VITORIA,PE,Nordeste,2021
30,310,LUCAS,PE,Nordeste,2021
31,305,ANA JULIA,PE,Nordeste,2021
32,305,PEDRO,PE,Nordeste,2021
33,296,ANTHONY GABRIEL,PE,Nordeste,2021
34,294,MARIA EDUARDA,PE,Nordeste,2021
35,289,MARIA LAURA,PE,Nordeste,2021
36,279,MARIA VALENTINA,PE,Nordeste,2021
37,265,ARTHUR MIGUEL,PE,Nordeste,2021
38,262,JOSE MIGUEL,PE,Nordeste,2021
39,259,LORENA,PE,Nordeste,2021
40,256,DAVI LUCAS,PE,Nordeste,2021
41,256,JOSE,PE,Nordeste,2021
42,254,ANTHONY,PE,Nordeste,2021
43,253,GUILHERME,PE,Nordeste,2021
44,247,MARIA ELOA,PE,Nordeste,2021
45,244,JOAO,PE,Nordeste,2021
46,238,NICOLAS,PE,Nordeste,2021
47,235,ISAAC,PE,Nordeste,2021
48,232,BENICIO,PE,Nordeste,2021
49,231,HELOISA,PE,Nordeste,2021
50,226,ANA LAURA,PE,Nordeste,2021
1,445,MARIA ALICE,AL,Nordeste,2021
2,430,JOAO MIGUEL,AL,Nordeste,2021
3,405,MARIA CECILIA,AL,Nordeste,2021
4,275,ENZO GABRIEL,AL,Nordeste,2021
5,261,MIGUEL,AL,Nordeste,2021
6,247,MARIA HELENA,AL,Nordeste,2021
7,235,MARIA JULIA,AL,Nordeste,2021
8,233,MARIA CLARA,AL,Nordeste,2021
9,230,SAMUEL,AL,Nordeste,2021
10,229,MARIA LIZ,AL,Nordeste,2021
11,206,JOAO GUILHERME,AL,Nordeste,2021
12,205,GAEL,AL,Nordeste,2021
13,205,ARTHUR,AL,Nordeste,2021
14,192,MARIA ISIS,AL,Nordeste,2021
15,185,DAVI,AL,Nordeste,2021
16,180,MARIA HELOISA,AL,Nordeste,2021
17,176,MARIA LUIZA,AL,Nordeste,2021
18,174,HEITOR,AL,Nordeste,2021
19,172,RAVI,AL,Nordeste,2021
20,162,GABRIEL,AL,Nordeste,2021
21,158,MARIA VITORIA,AL,Nordeste,2021
22,158,JOSE MIGUEL,AL,Nordeste,2021
23,150,BERNARDO,AL,Nordeste,2021
24,147,JOAO LUCAS,AL,Nordeste,2021
25,140,THEO,AL,Nordeste,2021
26,139,MARIA EDUARDA,AL,Nordeste,2021
27,138,MARIA VALENTINA,AL,Nordeste,2021
28,123,JOAO PEDRO,AL,Nordeste,2021
29,123,HELENA,AL,Nordeste,2021
30,122,MARIA ELOA,AL,Nordeste,2021
31,119,LAURA,AL,Nordeste,2021
32,117,ANTHONY GABRIEL,AL,Nordeste,2021
33,115,GUILHERME,AL,Nordeste,2021
34,115,PEDRO HENRIQUE,AL,Nordeste,2021
35,115,ANA JULIA,AL,Nordeste,2021
36,111,PEDRO,AL,Nordeste,2021
37,110,DAVI LUCAS,AL,Nordeste,2021
38,108,LIZ,AL,Nordeste,2021
39,107,JOAQUIM,AL,Nordeste,2021
40,107,JOSE,AL,Nordeste,2021
41,105,LORENA,AL,Nordeste,2021
42,102,LUIZ MIGUEL,AL,Nordeste,2021
43,100,ISAAC,AL,Nordeste,2021
44,98,ARTHUR MIGUEL,AL,Nordeste,2021
45,94,MAITE,AL,Nordeste,2021
46,92,MATHEUS,AL,Nordeste,2021
47,91,ALICE,AL,Nordeste,2021
48,90,ANTHONY,AL,Nordeste,2021
49,89,LUCAS GABRIEL,AL,Nordeste,2021
50,89,MARIA ELISA,AL,Nordeste,2021
1,375,MARIA ALICE,SE,Nordeste,2021
2,271,JOAO MIGUEL,SE,Nordeste,2021
3,233,MARIA CECILIA,SE,Nordeste,2021
4,215,MIGUEL,SE,Nordeste,2021
5,213,GAEL,SE,Nordeste,2021
6,208,ARTHUR,SE,Nordeste,2021
7,196,HEITOR,SE,Nordeste,2021
8,172,MARIA HELENA,SE,Nordeste,2021
9,169,THEO,SE,Nordeste,2021
10,168,RAVI,SE,Nordeste,2021
11,168,ENZO GABRIEL,SE,Nordeste,2021
12,162,MARIA CLARA,SE,Nordeste,2021
13,154,MARIA LIZ,SE,Nordeste,2021
14,153,DAVI,SE,Nordeste,2021
15,137,MARIA JULIA,SE,Nordeste,2021
16,136,BERNARDO,SE,Nordeste,2021
17,124,LAURA,SE,Nordeste,2021
18,124,SAMUEL,SE,Nordeste,2021
19,119,MARIA LUIZA,SE,Nordeste,2021
20,115,LORENZO,SE,Nordeste,2021
21,110,JOAQUIM,SE,Nordeste,2021
22,109,GABRIEL,SE,Nordeste,2021
23,107,JOAO LUCAS,SE,Nordeste,2021
24,107,LIZ,SE,Nordeste,2021
25,102,ALICE,SE,Nordeste,2021
26,100,JOAO GUILHERME,SE,Nordeste,2021
27,99,MARIA ISIS,SE,Nordeste,2021
28,92,MARIA VALENTINA,SE,Nordeste,2021
29,89,MARIA EDUARDA,SE,Nordeste,2021
30,88,HELENA,SE,Nordeste,2021
31,84,PEDRO HENRIQUE,SE,Nordeste,2021
32,80,MARIA HELOISA,SE,Nordeste,2021
33,79,MAITE,SE,Nordeste,2021
34,79,LORENA,SE,Nordeste,2021
35,79,ELISA,SE,Nordeste,2021
36,78,GUILHERME,SE,Nordeste,2021
37,75,ANA LIZ,SE,Nordeste,2021
38,74,BENICIO,SE,Nordeste,2021
39,73,JOAO PEDRO,SE,Nordeste,2021
40,73,NOAH,SE,Nordeste,2021
41,71,MARIA VITORIA,SE,Nordeste,2021
42,71,ANA JULIA,SE,Nordeste,2021
43,70,ANTHONY,SE,Nordeste,2021
44,69,AYLLA SOPHIA,SE,Nordeste,2021
45,68,PEDRO,SE,Nordeste,2021
46,68,VALENTINA,SE,Nordeste,2021
47,67,BENJAMIN,SE,Nordeste,2021
48,65,CECILIA,SE,Nordeste,2021
49,62,ARTHUR MIGUEL,SE,Nordeste,2021
50,62,LUNA,SE,Nordeste,2021
1,2638,GAEL,BA,Nordeste,2021
2,1976,MIGUEL,BA,Nordeste,2021
3,1818,ARTHUR,BA,Nordeste,2021
4,1790,HEITOR,BA,Nordeste,2021
5,1659,THEO,BA,Nordeste,2021
6,1537,MARIA ALICE,BA,Nordeste,2021
7,1525,RAVI,BA,Nordeste,2021
8,1278,LAURA,BA,Nordeste,2021
9,1270,SAMUEL,BA,Nordeste,2021
10,1262,HELENA,BA,Nordeste,2021
11,1261,ALICE,BA,Nordeste,2021
12,1218,BERNARDO,BA,Nordeste,2021
13,1148,LIZ,BA,Nordeste,2021
14,1117,JOAO MIGUEL,BA,Nordeste,2021
15,1112,DAVI,BA,Nordeste,2021
16,1076,ANTHONY,BA,Nordeste,2021
17,1076,MARIA CECILIA,BA,Nordeste,2021
18,1027,GABRIEL,BA,Nordeste,2021
19,958,LORENZO,BA,Nordeste,2021
20,918,ELISA,BA,Nordeste,2021
21,891,VALENTINA,BA,Nordeste,2021
22,886,HELOISA,BA,Nordeste,2021
23,802,CECILIA,BA,Nordeste,2021
24,779,ENZO GABRIEL,BA,Nordeste,2021
25,777,NOAH,BA,Nordeste,2021
26,760,ELOA,BA,Nordeste,2021
27,755,MARIA JULIA,BA,Nordeste,2021
28,721,LEVI,BA,Nordeste,2021
29,714,GUILHERME,BA,Nordeste,2021
30,705,ISAAC,BA,Nordeste,2021
31,701,MARIA LIZ,BA,Nordeste,2021
32,683,MAITE,BA,Nordeste,2021
33,680,HENRY,BA,Nordeste,2021
34,660,MAYA,BA,Nordeste,2021
35,648,LUNA,BA,Nordeste,2021
36,634,SOPHIA,BA,Nordeste,2021
37,604,MELISSA,BA,Nordeste,2021
38,599,AYLLA,BA,Nordeste,2021
39,594,PIETRO,BA,Nordeste,2021
40,593,MARIA CLARA,BA,Nordeste,2021
41,589,ISIS,BA,Nordeste,2021
42,577,RAVY,BA,Nordeste,2021
43,577,MARIA HELENA,BA,Nordeste,2021
44,557,PEDRO,BA,Nordeste,2021
45,557,LUNNA,BA,Nordeste,2021
46,555,BENJAMIN,BA,Nordeste,2021
47,553,MARIA EDUARDA,BA,Nordeste,2021
48,542,JULIA,BA,Nordeste,2021
49,534,ESTHER,BA,Nordeste,2021
50,519,BENICIO,BA,Nordeste,2021
1,3197,MARIA ALICE,MG,Sudeste,2021
2,3050,MIGUEL,MG,Sudeste,2021
3,2931,HELENA,MG,Sudeste,2021
4,2774,GAEL,MG,Sudeste,2021
5,2363,ALICE,MG,Sudeste,2021
6,2349,ARTHUR,MG,Sudeste,2021
7,2323,HEITOR,MG,Sudeste,2021
8,2113,THEO,MG,Sudeste,2021
9,1888,GABRIEL,MG,Sudeste,2021
10,1883,BERNARDO,MG,Sudeste,2021
11,1870,DAVI,MG,Sudeste,2021
12,1839,LAURA,MG,Sudeste,2021
13,1680,MARIA CECILIA,MG,Sudeste,2021
14,1615,CECILIA,MG,Sudeste,2021
15,1604,SAMUEL,MG,Sudeste,2021
16,1595,JOAO MIGUEL,MG,Sudeste,2021
17,1538,RAVI,MG,Sudeste,2021
18,1305,BENICIO,MG,Sudeste,2021
19,1295,PEDRO,MG,Sudeste,2021
20,1197,NOAH,MG,Sudeste,2021
21,1152,HENRIQUE,MG,Sudeste,2021
22,1147,MARIA CLARA,MG,Sudeste,2021
23,1134,LIZ,MG,Sudeste,2021
24,1104,MARIA JULIA,MG,Sudeste,2021
25,1103,JULIA,MG,Sudeste,2021
26,1069,VALENTINA,MG,Sudeste,2021
27,982,LUCAS,MG,Sudeste,2021
28,981,JOAO LUCAS,MG,Sudeste,2021
29,976,ISIS,MG,Sudeste,2021
30,945,ANTHONY,MG,Sudeste,2021
31,938,HELOISA,MG,Sudeste,2021
32,934,SOPHIA,MG,Sudeste,2021
33,927,RAFAEL,MG,Sudeste,2021
34,892,ISAAC,MG,Sudeste,2021
35,866,JOAO PEDRO,MG,Sudeste,2021
36,865,MARIA LUIZA,MG,Sudeste,2021
37,855,ELISA,MG,Sudeste,2021
38,849,MAITE,MG,Sudeste,2021
39,843,MARIA EDUARDA,MG,Sudeste,2021
40,841,LORENZO,MG,Sudeste,2021
41,840,ENZO GABRIEL,MG,Sudeste,2021
42,782,ANTONELLA,MG,Sudeste,2021
43,737,LUISA,MG,Sudeste,2021
44,731,MANUELA,MG,Sudeste,2021
45,729,MURILO,MG,Sudeste,2021
46,701,ANA JULIA,MG,Sudeste,2021
47,689,AURORA,MG,Sudeste,2021
48,688,LARA,MG,Sudeste,2021
49,679,NICOLAS,MG,Sudeste,2021
50,672,EMANUEL,MG,Sudeste,2021
1,857,GAEL,ES,Sudeste,2021
2,786,MIGUEL,ES,Sudeste,2021
3,766,HELENA,ES,Sudeste,2021
4,680,THEO,ES,Sudeste,2021
5,679,ARTHUR,ES,Sudeste,2021
6,648,LAURA,ES,Sudeste,2021
7,633,HEITOR,ES,Sudeste,2021
8,630,ALICE,ES,Sudeste,2021
9,520,RAVI,ES,Sudeste,2021
10,509,BERNARDO,ES,Sudeste,2021
11,505,DAVI,ES,Sudeste,2021
12,475,NOAH,ES,Sudeste,2021
13,461,GABRIEL,ES,Sudeste,2021
14,435,LIZ,ES,Sudeste,2021
15,420,MARIA ALICE,ES,Sudeste,2021
16,404,CECILIA,ES,Sudeste,2021
17,399,MAITE,ES,Sudeste,2021
18,395,SAMUEL,ES,Sudeste,2021
19,368,BENICIO,ES,Sudeste,2021
20,368,LORENZO,ES,Sudeste,2021
21,362,PEDRO,ES,Sudeste,2021
22,342,ELISA,ES,Sudeste,2021
23,336,ANTHONY,ES,Sudeste,2021
24,323,VALENTINA,ES,Sudeste,2021
25,283,ANTONELLA,ES,Sudeste,2021
26,277,SOPHIA,ES,Sudeste,2021
27,273,JOAO MIGUEL,ES,Sudeste,2021
28,271,ISIS,ES,Sudeste,2021
29,261,HENRIQUE,ES,Sudeste,2021
30,239,HELOISA,ES,Sudeste,2021
31,234,BENJAMIN,ES,Sudeste,2021
32,232,LARA,ES,Sudeste,2021
33,226,AYLA,ES,Sudeste,2021
34,223,LUCAS,ES,Sudeste,2021
35,219,MAYA,ES,Sudeste,2021
36,214,JULIA,ES,Sudeste,2021
37,212,MARIA CECILIA,ES,Sudeste,2021
38,209,ISAAC,ES,Sudeste,2021
39,208,AYLLA,ES,Sudeste,2021
40,205,AGATHA,ES,Sudeste,2021
41,204,ISADORA,ES,Sudeste,2021
42,200,DANIEL,ES,Sudeste,2021
43,199,HENRY,ES,Sudeste,2021
44,198,EMANUEL,ES,Sudeste,2021
45,195,BEATRIZ,ES,Sudeste,2021
46,187,ELOA,ES,Sudeste,2021
47,184,VICENTE,ES,Sudeste,2021
48,184,JOAQUIM,ES,Sudeste,2021
49,182,ESTHER,ES,Sudeste,2021
50,181,BENJAMIM,ES,Sudeste,2021
1,2924,GAEL,RJ,Sudeste,2021
2,2539,THEO,RJ,Sudeste,2021
3,2495,ARTHUR,RJ,Sudeste,2021
4,2375,MIGUEL,RJ,Sudeste,2021
5,2197,LAURA,RJ,Sudeste,2021
6,2172,HEITOR,RJ,Sudeste,2021
7,2114,HELENA,RJ,Sudeste,2021
8,1939,NOAH,RJ,Sudeste,2021
9,1919,BERNARDO,RJ,Sudeste,2021
10,1771,MARIA ALICE,RJ,Sudeste,2021
11,1720,ALICE,RJ,Sudeste,2021
12,1690,MAITE,RJ,Sudeste,2021
13,1604,DAVI,RJ,Sudeste,2021
14,1418,SAMUEL,RJ,Sudeste,2021
15,1363,RAVI,RJ,Sudeste,2021
16,1263,GABRIEL,RJ,Sudeste,2021
17,1237,ANTONELLA,RJ,Sudeste,2021
18,1119,ANTHONY,RJ,Sudeste,2021
19,1104,PEDRO,RJ,Sudeste,2021
20,1077,LORENZO,RJ,Sudeste,2021
21,1022,LIZ,RJ,Sudeste,2021
22,1007,SOPHIA,RJ,Sudeste,2021
23,971,VALENTINA,RJ,Sudeste,2021
24,965,MAYA,RJ,Sudeste,2021
25,960,MARIA JULIA,RJ,Sudeste,2021
26,953,ISAAC,RJ,Sudeste,2021
27,908,BENICIO,RJ,Sudeste,2021
28,837,LUCAS,RJ,Sudeste,2021
29,824,JOAO MIGUEL,RJ,Sudeste,2021
30,779,HENRY,RJ,Sudeste,2021
31,777,MANUELA,RJ,Sudeste,2021
32,768,LARA,RJ,Sudeste,2021
33,751,MARIA CLARA,RJ,Sudeste,2021
34,739,MARIA LUIZA,RJ,Sudeste,2021
35,735,CECILIA,RJ,Sudeste,2021
36,724,JULIA,RJ,Sudeste,2021
37,713,ISABELLA,RJ,Sudeste,2021
38,702,ELOA,RJ,Sudeste,2021
39,701,ISIS,RJ,Sudeste,2021
40,694,MARIA EDUARDA,RJ,Sudeste,2021
41,689,MANUELLA,RJ,Sudeste,2021
42,679,AYLLA,RJ,Sudeste,2021
43,669,GUILHERME,RJ,Sudeste,2021
44,662,AYLA,RJ,Sudeste,2021
45,661,AURORA,RJ,Sudeste,2021
46,652,ELOAH,RJ,Sudeste,2021
47,636,BRYAN,RJ,Sudeste,2021
48,632,HELOISA,RJ,Sudeste,2021
49,614,NICOLAS,RJ,Sudeste,2021
50,610,JOAQUIM,RJ,Sudeste,2021
1,7585,MIGUEL,SP,Sudeste,2021
2,6981,HELENA,SP,Sudeste,2021
3,6890,GAEL,SP,Sudeste,2021
4,6879,ALICE,SP,Sudeste,2021
5,6470,ARTHUR,SP,Sudeste,2021
6,5482,HEITOR,SP,Sudeste,2021
7,5418,THEO,SP,Sudeste,2021
8,5227,MARIA ALICE,SP,Sudeste,2021
9,4979,LAURA,SP,Sudeste,2021
10,4621,DAVI,SP,Sudeste,2021
11,4434,BERNARDO,SP,Sudeste,2021
12,4177,NOAH,SP,Sudeste,2021
13,4068,SAMUEL,SP,Sudeste,2021
14,3950,GABRIEL,SP,Sudeste,2021
15,3894,RAVI,SP,Sudeste,2021
16,3732,HELOISA,SP,Sudeste,2021
17,3646,MAITE,SP,Sudeste,2021
18,3376,PEDRO,SP,Sudeste,2021
19,2984,LORENA,SP,Sudeste,2021
20,2926,CECILIA,SP,Sudeste,2021
21,2811,SOPHIA,SP,Sudeste,2021
22,2795,VALENTINA,SP,Sudeste,2021
23,2769,LIZ,SP,Sudeste,2021
24,2745,MANUELA,SP,Sudeste,2021
25,2722,MAYA,SP,Sudeste,2021
26,2709,BENICIO,SP,Sudeste,2021
27,2628,MARIA CLARA,SP,Sudeste,2021
28,2617,ANTHONY,SP,Sudeste,2021
29,2542,LORENZO,SP,Sudeste,2021
30,2536,ISAAC,SP,Sudeste,2021
31,2512,LUCAS,SP,Sudeste,2021
32,2426,LIVIA,SP,Sudeste,2021
33,2363,ANTONELLA,SP,Sudeste,2021
34,2358,JULIA,SP,Sudeste,2021
35,2283,LUCCA,SP,Sudeste,2021
36,2203,ISIS,SP,Sudeste,2021
37,2201,LEONARDO,SP,Sudeste,2021
38,2176,HENRY,SP,Sudeste,2021
39,2122,JOAQUIM,SP,Sudeste,2021
40,2072,MANUELLA,SP,Sudeste,2021
41,2069,MATHEUS,SP,Sudeste,2021
42,2000,RAFAEL,SP,Sudeste,2021
43,1998,MARIA JULIA,SP,Sudeste,2021
44,1989,JOAO MIGUEL,SP,Sudeste,2021
45,1954,ISABELLA,SP,Sudeste,2021
46,1939,MARIA EDUARDA,SP,Sudeste,2021
47,1923,HENRIQUE,SP,Sudeste,2021
48,1915,LARA,SP,Sudeste,2021
49,1915,MARIA LUIZA,SP,Sudeste,2021
50,1872,DAVI LUCCA,SP,Sudeste,2021
1,2086,MIGUEL,PR,Sul,2021
2,1831,HELENA,PR,Sul,2021
3,1719,ALICE,PR,Sul,2021
4,1583,ARTHUR,PR,Sul,2021
5,1424,MARIA ALICE,PR,Sul,2021
6,1350,GAEL,PR,Sul,2021
7,1347,LAURA,PR,Sul,2021
8,1185,DAVI,PR,Sul,2021
9,1156,HEITOR,PR,Sul,2021
10,1152,THEO,PR,Sul,2021
11,1108,SAMUEL,PR,Sul,2021
12,1097,CECILIA,PR,Sul,2021
13,1049,GABRIEL,PR,Sul,2021
14,1021,BERNARDO,PR,Sul,2021
15,838,PEDRO,PR,Sul,2021
16,822,NOAH,PR,Sul,2021
17,787,HELOISA,PR,Sul,2021
18,773,LIVIA,PR,Sul,2021
19,764,JULIA,PR,Sul,2021
20,725,RAVI,PR,Sul,2021
21,705,MARIA CLARA,PR,Sul,2021
22,698,JOAQUIM,PR,Sul,2021
23,672,VALENTINA,PR,Sul,2021
24,663,SOPHIA,PR,Sul,2021
25,663,ANTONELLA,PR,Sul,2021
26,645,JOAO MIGUEL,PR,Sul,2021
27,605,ISIS,PR,Sul,2021
28,598,LEONARDO,PR,Sul,2021
29,589,BENICIO,PR,Sul,2021
30,589,ANTHONY,PR,Sul,2021
31,578,RAFAEL,PR,Sul,2021
32,575,ISAAC,PR,Sul,2021
33,573,MAITE,PR,Sul,2021
34,564,HENRIQUE,PR,Sul,2021
35,549,MARIA JULIA,PR,Sul,2021
36,546,MARIA HELENA,PR,Sul,2021
37,544,LUCAS,PR,Sul,2021
38,541,PEDRO HENRIQUE,PR,Sul,2021
39,532,SOFIA,PR,Sul,2021
40,521,LORENZO,PR,Sul,2021
41,503,MANUELA,PR,Sul,2021
42,491,FELIPE,PR,Sul,2021
43,480,LARA,PR,Sul,2021
44,480,AURORA,PR,Sul,2021
45,471,MARIA CECILIA,PR,Sul,2021
46,463,ISADORA,PR,Sul,2021
47,460,BENJAMIN,PR,Sul,2021
48,457,JOAO PEDRO,PR,Sul,2021
49,457,NICOLAS,PR,Sul,2021
50,451,BEATRIZ,PR,Sul,2021
1,1229,MIGUEL,SC,Sul,2021
2,1104,HELENA,SC,Sul,2021
3,1002,ALICE,SC,Sul,2021
4,932,ARTHUR,SC,Sul,2021
5,877,THEO,SC,Sul,2021
6,866,GAEL,SC,Sul,2021
7,789,DAVI,SC,Sul,2021
8,778,LAURA,SC,Sul,2021
9,755,HEITOR,SC,Sul,2021
10,751,MARIA ALICE,SC,Sul,2021
11,655,BERNARDO,SC,Sul,2021
12,637,CECILIA,SC,Sul,2021
13,602,GABRIEL,SC,Sul,2021
14,591,JOAQUIM,SC,Sul,2021
15,565,NOAH,SC,Sul,2021
16,555,SAMUEL,SC,Sul,2021
17,540,HENRIQUE,SC,Sul,2021
18,511,PEDRO HENRIQUE,SC,Sul,2021
19,490,RAVI,SC,Sul,2021
20,485,HELOISA,SC,Sul,2021
21,455,PEDRO,SC,Sul,2021
22,451,MAITE,SC,Sul,2021
23,448,LIVIA,SC,Sul,2021
24,441,VALENTINA,SC,Sul,2021
25,431,ANTHONY,SC,Sul,2021
26,420,MARIA CLARA,SC,Sul,2021
27,391,SOPHIA,SC,Sul,2021
28,382,VICENTE,SC,Sul,2021
29,378,JULIA,SC,Sul,2021
30,374,ANTONELLA,SC,Sul,2021
31,355,ISABELLA,SC,Sul,2021
32,351,BENICIO,SC,Sul,2021
33,350,LUCAS,SC,Sul,2021
34,347,LORENA,SC,Sul,2021
35,343,ISAAC,SC,Sul,2021
36,334,LORENZO,SC,Sul,2021
37,331,ISIS,SC,Sul,2021
38,329,ELOA,SC,Sul,2021
39,326,BENJAMIN,SC,Sul,2021
40,315,JOAO MIGUEL,SC,Sul,2021
41,305,SOFIA,SC,Sul,2021
42,305,LIZ,SC,Sul,2021
43,304,NICOLAS,SC,Sul,2021
44,302,MANUELA,SC,Sul,2021
45,297,LARA,SC,Sul,2021
46,295,MARIA LUIZA,SC,Sul,2021
47,289,BEATRIZ,SC,Sul,2021
48,280,YASMIN,SC,Sul,2021
49,279,AURORA,SC,Sul,2021
50,278,CATARINA,SC,Sul,2021
1,1507,MIGUEL,RS,Sul,2021
2,1400,HELENA,RS,Sul,2021
3,1371,ARTHUR,RS,Sul,2021
4,1237,ALICE,RS,Sul,2021
5,1050,MARIA ALICE,RS,Sul,2021
6,1009,THEO,RS,Sul,2021
7,992,GAEL,RS,Sul,2021
8,967,BERNARDO,RS,Sul,2021
9,938,HEITOR,RS,Sul,2021
10,918,CECILIA,RS,Sul,2021
11,854,DAVI,RS,Sul,2021
12,846,LAURA,RS,Sul,2021
13,839,JOAQUIM,RS,Sul,2021
14,775,GABRIEL,RS,Sul,2021
15,754,AURORA,RS,Sul,2021
16,717,MARIA CLARA,RS,Sul,2021
17,711,VICENTE,RS,Sul,2021
18,697,VALENTINA,RS,Sul,2021
19,694,ANTONELLA,RS,Sul,2021
20,691,NOAH,RS,Sul,2021
21,689,LIVIA,RS,Sul,2021
22,686,PEDRO HENRIQUE,RS,Sul,2021
23,646,MAITE,RS,Sul,2021
24,638,HELOISA,RS,Sul,2021
25,628,PEDRO,RS,Sul,2021
26,596,SOPHIA,RS,Sul,2021
27,593,SAMUEL,RS,Sul,2021
28,586,ANTHONY,RS,Sul,2021
29,543,MANUELA,RS,Sul,2021
30,536,RAVI,RS,Sul,2021
31,536,LORENZO,RS,Sul,2021
32,526,BENICIO,RS,Sul,2021
33,518,JULIA,RS,Sul,2021
34,501,MURILO,RS,Sul,2021
35,475,ISABELLA,RS,Sul,2021
36,472,HENRIQUE,RS,Sul,2021
37,439,LUCAS,RS,Sul,2021
38,439,ANA CLARA,RS,Sul,2021
39,436,SOFIA,RS,Sul,2021
40,424,LAVINIA,RS,Sul,2021
41,416,ISIS,RS,Sul,2021
42,409,ISADORA,RS,Sul,2021
43,407,ISAAC,RS,Sul,2021
44,391,MARIA CECILIA,RS,Sul,2021
45,390,BENJAMIN,RS,Sul,2021
46,380,LORENA,RS,Sul,2021
47,378,ENZO GABRIEL,RS,Sul,2021
48,369,MATHEUS,RS,Sul,2021
49,367,MARIA LUIZA,RS,Sul,2021
50,364,LUIZA,RS,Sul,2021
1,481,MIGUEL,MS,Centro-Oeste,2021
2,429,HELENA,MS,Centro-Oeste,2021
3,426,GAEL,MS,Centro-Oeste,2021
4,386,ALICE,MS,Centro-Oeste,2021
5,385,ARTHUR,MS,Centro-Oeste,2021
6,350,HEITOR,MS,Centro-Oeste,2021
7,340,MARIA ALICE,MS,Centro-Oeste,2021
8,315,SAMUEL,MS,Centro-Oeste,2021
9,284,DAVI,MS,Centro-Oeste,2021
10,283,THEO,MS,Centro-Oeste,2021
11,270,GABRIEL,MS,Centro-Oeste,2021
12,247,CECILIA,MS,Centro-Oeste,2021
13,230,JOAO MIGUEL,MS,Centro-Oeste,2021
14,213,BERNARDO,MS,Centro-Oeste,2021
15,212,MAITE,MS,Centro-Oeste,2021
16,207,HELOISA,MS,Centro-Oeste,2021
17,199,MARIA JULIA,MS,Centro-Oeste,2021
18,194,BENICIO,MS,Centro-Oeste,2021
19,190,PEDRO,MS,Centro-Oeste,2021
20,188,LAURA,MS,Centro-Oeste,2021
21,185,LORENA,MS,Centro-Oeste,2021
22,182,ISAAC,MS,Centro-Oeste,2021
23,182,RAVI,MS,Centro-Oeste,2021
24,179,ANTHONY,MS,Centro-Oeste,2021
25,170,MARIA CECILIA,MS,Centro-Oeste,2021
26,167,JOAQUIM,MS,Centro-Oeste,2021
27,167,MARIA CLARA,MS,Centro-Oeste,2021
28,167,VALENTINA,MS,Centro-Oeste,2021
29,161,JULIA,MS,Centro-Oeste,2021
30,158,SOPHIA,MS,Centro-Oeste,2021
31,155,LIVIA,MS,Centro-Oeste,2021
32,151,NOAH,MS,Centro-Oeste,2021
33,147,ISIS,MS,Centro-Oeste,2021
34,147,ENZO GABRIEL,MS,Centro-Oeste,2021
35,143,LORENZO,MS,Centro-Oeste,2021
36,138,DANIEL,MS,Centro-Oeste,2021
37,137,EMANUELLY,MS,Centro-Oeste,2021
38,136,ANTONELLA,MS,Centro-Oeste,2021
39,135,ELOA,MS,Centro-Oeste,2021
40,134,HENRIQUE,MS,Centro-Oeste,2021
41,133,GUILHERME,MS,Centro-Oeste,2021
42,131,LEONARDO,MS,Centro-Oeste,2021
43,129,ANA CLARA,MS,Centro-Oeste,2021
44,129,LUCAS,MS,Centro-Oeste,2021
45,128,SOFIA,MS,Centro-Oeste,2021
46,126,MARIA EDUARDA,MS,Centro-Oeste,2021
47,126,PEDRO HENRIQUE,MS,Centro-Oeste,2021
48,122,MATHEUS,MS,Centro-Oeste,2021
49,122,MARIA HELENA,MS,Centro-Oeste,2021
50,121,MANUELA,MS,Centro-Oeste,2021
1,637,MIGUEL,MT,Centro-Oeste,2021
2,609,HELENA,MT,Centro-Oeste,2021
3,556,MARIA ALICE,MT,Centro-Oeste,2021
4,483,ARTHUR,MT,Centro-Oeste,2021
5,481,HEITOR,MT,Centro-Oeste,2021
6,470,GAEL,MT,Centro-Oeste,2021
7,457,ALICE,MT,Centro-Oeste,2021
8,408,SAMUEL,MT,Centro-Oeste,2021
9,397,DAVI,MT,Centro-Oeste,2021
10,395,JOAO MIGUEL,MT,Centro-Oeste,2021
11,362,CECILIA,MT,Centro-Oeste,2021
12,317,GABRIEL,MT,Centro-Oeste,2021
13,295,THEO,MT,Centro-Oeste,2021
14,293,MARIA CECILIA,MT,Centro-Oeste,2021
15,269,LAURA,MT,Centro-Oeste,2021
16,262,HELOISA,MT,Centro-Oeste,2021
17,258,BENICIO,MT,Centro-Oeste,2021
18,253,RAVI,MT,Centro-Oeste,2021
19,238,BERNARDO,MT,Centro-Oeste,2021
20,235,NOAH,MT,Centro-Oeste,2021
21,233,MARIA JULIA,MT,Centro-Oeste,2021
22,231,VALENTINA,MT,Centro-Oeste,2021
23,226,PEDRO,MT,Centro-Oeste,2021
24,225,MARIA HELENA,MT,Centro-Oeste,2021
25,223,MARIA CLARA,MT,Centro-Oeste,2021
26,217,ENZO GABRIEL,MT,Centro-Oeste,2021
27,208,ISAAC,MT,Centro-Oeste,2021
28,192,MAITE,MT,Centro-Oeste,2021
29,192,LORENZO,MT,Centro-Oeste,2021
30,186,JULIA,MT,Centro-Oeste,2021
31,179,JOAO PEDRO,MT,Centro-Oeste,2021
32,178,NICOLAS,MT,Centro-Oeste,2021
33,176,ANTHONY,MT,Centro-Oeste,2021
34,175,GUILHERME,MT,Centro-Oeste,2021
35,174,MURILO,MT,Centro-Oeste,2021
36,172,AURORA,MT,Centro-Oeste,2021
37,171,PEDRO HENRIQUE,MT,Centro-Oeste,2021
38,167,ELOA,MT,Centro-Oeste,2021
39,166,ANTONELLA,MT,Centro-Oeste,2021
40,166,LIVIA,MT,Centro-Oeste,2021
41,164,ISADORA,MT,Centro-Oeste,2021
42,162,ISIS,MT,Centro-Oeste,2021
43,162,SOPHIA,MT,Centro-Oeste,2021
44,159,JOAQUIM,MT,Centro-Oeste,2021
45,157,JOAO LUCAS,MT,Centro-Oeste,2021
46,156,ELISA,MT,Centro-Oeste,2021
47,154,ANTHONY GABRIEL,MT,Centro-Oeste,2021
48,153,MARIA EDUARDA,MT,Centro-Oeste,2021
49,151,ANA JULIA,MT,Centro-Oeste,2021
50,151,LORENA,MT,Centro-Oeste,2021
1,1186,MIGUEL,GO,Centro-Oeste,2021
2,1019,MARIA ALICE,GO,Centro-Oeste,2021
3,985,HELENA,GO,Centro-Oeste,2021
4,937,GAEL,GO,Centro-Oeste,2021
5,908,ALICE,GO,Centro-Oeste,2021
6,878,HEITOR,GO,Centro-Oeste,2021
7,814,ARTHUR,GO,Centro-Oeste,2021
8,730,DAVI,GO,Centro-Oeste,2021
9,706,SAMUEL,GO,Centro-Oeste,2021
10,692,JOAO MIGUEL,GO,Centro-Oeste,2021
11,635,GABRIEL,GO,Centro-Oeste,2021
12,627,THEO,GO,Centro-Oeste,2021
13,625,CECILIA,GO,Centro-Oeste,2021
14,596,LAURA,GO,Centro-Oeste,2021
15,589,MARIA CECILIA,GO,Centro-Oeste,2021
16,535,NOAH,GO,Centro-Oeste,2021
17,533,HELOISA,GO,Centro-Oeste,2021
18,529,RAVI,GO,Centro-Oeste,2021
19,494,BERNARDO,GO,Centro-Oeste,2021
20,491,ELISA,GO,Centro-Oeste,2021
21,442,BENICIO,GO,Centro-Oeste,2021
22,419,ISAAC,GO,Centro-Oeste,2021
23,408,PEDRO,GO,Centro-Oeste,2021
24,402,ISIS,GO,Centro-Oeste,2021
25,396,AURORA,GO,Centro-Oeste,2021
26,395,HENRIQUE,GO,Centro-Oeste,2021
27,391,LIZ,GO,Centro-Oeste,2021
28,391,VALENTINA,GO,Centro-Oeste,2021
29,358,MARIA CLARA,GO,Centro-Oeste,2021
30,348,MAITE,GO,Centro-Oeste,2021
31,335,ELOA,GO,Centro-Oeste,2021
32,326,ANTHONY,GO,Centro-Oeste,2021
33,318,JULIA,GO,Centro-Oeste,2021
34,307,SOPHIA,GO,Centro-Oeste,2021
35,296,MARIA JULIA,GO,Centro-Oeste,2021
36,289,NICOLAS,GO,Centro-Oeste,2021
37,288,MANUELA,GO,Centro-Oeste,2021
38,284,ENZO GABRIEL,GO,Centro-Oeste,2021
39,279,LORENZO,GO,Centro-Oeste,2021
40,277,MARIANA,GO,Centro-Oeste,2021
41,274,ANTONELLA,GO,Centro-Oeste,2021
42,270,LUCAS,GO,Centro-Oeste,2021
43,252,JOAO PEDRO,GO,Centro-Oeste,2021
44,251,JOAO LUCAS,GO,Centro-Oeste,2021
45,249,EMANUELLY,GO,Centro-Oeste,2021
46,248,RAFAEL,GO,Centro-Oeste,2021
47,242,LUISA,GO,Centro-Oeste,2021
48,240,ANA LAURA,GO,Centro-Oeste,2021
49,235,LEVI,GO,Centro-Oeste,2021
50,234,MARIA HELENA,GO,Centro-Oeste,2021
1,545,MIGUEL,DF,Centro-Oeste,2021
2,525,HELENA,DF,Centro-Oeste,2021
3,506,GAEL,DF,Centro-Oeste,2021
4,470,MARIA ALICE,DF,Centro-Oeste,2021
5,433,ARTHUR,DF,Centro-Oeste,2021
6,422,HEITOR,DF,Centro-Oeste,2021
7,421,ALICE,DF,Centro-Oeste,2021
8,412,BERNARDO,DF,Centro-Oeste,2021
9,408,THEO,DF,Centro-Oeste,2021
10,383,NOAH,DF,Centro-Oeste,2021
11,357,DAVI,DF,Centro-Oeste,2021
12,355,LAURA,DF,Centro-Oeste,2021
13,350,SAMUEL,DF,Centro-Oeste,2021
14,328,GABRIEL,DF,Centro-Oeste,2021
15,323,RAVI,DF,Centro-Oeste,2021
16,323,MAITE,DF,Centro-Oeste,2021
17,296,CECILIA,DF,Centro-Oeste,2021
18,292,LIZ,DF,Centro-Oeste,2021
19,291,JOAO MIGUEL,DF,Centro-Oeste,2021
20,267,MARIA CECILIA,DF,Centro-Oeste,2021
21,234,HELOISA,DF,Centro-Oeste,2021
22,228,LEVI,DF,Centro-Oeste,2021
23,223,ISAAC,DF,Centro-Oeste,2021
24,204,MARIA JULIA,DF,Centro-Oeste,2021
25,193,MARIA CLARA,DF,Centro-Oeste,2021
26,187,MARIA HELENA,DF,Centro-Oeste,2021
27,185,VALENTINA,DF,Centro-Oeste,2021
28,183,AURORA,DF,Centro-Oeste,2021
29,181,HENRIQUE,DF,Centro-Oeste,2021
30,180,BENICIO,DF,Centro-Oeste,2021
31,179,PEDRO,DF,Centro-Oeste,2021
32,176,ELOA,DF,Centro-Oeste,2021
33,173,JULIA,DF,Centro-Oeste,2021
34,167,NICOLAS,DF,Centro-Oeste,2021
35,166,ELISA,DF,Centro-Oeste,2021
36,165,RAFAEL,DF,Centro-Oeste,2021
37,156,LORENZO,DF,Centro-Oeste,2021
38,154,DANIEL,DF,Centro-Oeste,2021
39,149,LUCAS,DF,Centro-Oeste,2021
40,148,MARIA EDUARDA,DF,Centro-Oeste,2021
41,145,GUSTAVO,DF,Centro-Oeste,2021
42,142,MANUELA,DF,Centro-Oeste,2021
43,140,ANTHONY,DF,Centro-Oeste,2021
44,139,LARA,DF,Centro-Oeste,2021
45,136,MARIA LUIZA,DF,Centro-Oeste,2021
46,136,MURILO,DF,Centro-Oeste,2021
47,135,ISIS,DF,Centro-Oeste,2021
48,134,BENJAMIN,DF,Centro-Oeste,2021
49,133,SOPHIA,DF,Centro-Oeste,2021
50,128,ELOAH,DF,Centro-Oeste,2021
