,total,name,uf,regiao,ano
1,288,MIGUEL,RO,Norte,2021
2,268,HEITOR,RO,Norte,2021
3,266,ARTHUR,RO,Norte,2021
4,186,LAURA,RO,Norte,2021
5,183,GAEL,RO,Norte,2021
6,181,HELENA,RO,Norte,2021
7,180,DAVI,RO,Norte,2021
8,163,ALICE,RO,Norte,2021
9,156,JOAO MIGUEL,RO,Norte,2021
10,153,SAMUEL,RO,Norte,2021
11,152,GABRIEL,RO,Norte,2021
12,130,ENZO GABRIEL,RO,Norte,2021
13,130,MARIA ALICE,RO,Norte,2021
14,129,HELOISA,RO,Norte,2021
15,112,CECILIA,RO,Norte,2021
16,111,THEO,RO,Norte,2021
17,108,NICOLAS,RO,Norte,2021
18,104,SOPHIA,RO,Norte,2021
19,98,LIVIA,RO,Norte,2021
20,90,PEDRO,RO,Norte,2021
21,89,JULIA,RO,Norte,2021
22,89,ISADORA,RO,Norte,2021
23,89,LORENA,RO,Norte,2021
24,87,BENICIO,RO,Norte,2021
25,87,EMANUELLY,RO,Norte,2021
26,83,VALENTINA,RO,Norte,2021
27,80,ELOA,RO,Norte,2021
28,79,GUSTAVO,RO,Norte,2021
29,79,ANA JULIA,RO,Norte,2021
30,78,SOFIA,RO,Norte,2021
31,77,MARIA CLARA,RO,Norte,2021
32,77,LORENZO,RO,Norte,2021
33,76,MURILO,RO,Norte,2021
34,74,JOAO PEDRO,RO,Norte,2021
35,74,GUILHERME,RO,Norte,2021
36,73,ISABELLA,RO,Norte,2021
37,72,MARIA CECILIA,RO,Norte,2021
38,69,ANA CLARA,RO,Norte,2021
39,69,RAVI,RO,Norte,2021
40,68,NOAH,RO,Norte,2021
41,68,MARIANA,RO,Norte,2021
42,68,MARIA EDUARDA,RO,Norte,2021
43,68,PEDRO HENRIQUE,RO,Norte,2021
44,68,MARIA JULIA,RO,Norte,2021
45,67,MAITE,RO,Norte,2021
46,66,REBECA,RO,Norte,2021
47,66,ELISA,RO,Norte,2021
48,64,ARTHUR MIGUEL,RO,Norte,2021
49,64,ANTHONY,RO,Norte,2021
50,61,MARIA HELENA,RO,Norte,2021
1,146,GAEL,AC,Norte,2021
2,117,ARTHUR,AC,Norte,2021
3,110,HEITOR,AC,Norte,2021
4,109,SAMUEL,AC,Norte,2021
5,107,MIGUEL,AC,Norte,2021
6,93,JOAO MIGUEL,AC,Norte,2021
7,87,ENZO GABRIEL,AC,Norte,2021
8,79,DAVI,AC,Norte,2021
9,76,RAVI,AC,Norte,2021
10,68,GABRIEL,AC,Norte,2021
11,63,THEO,AC,Norte,2021
12,62,MARIA ALICE,AC,Norte,2021
13,61,LORENA,AC,Norte,2021
14,60,GUILHERME,AC,Norte,2021
15,59,JOAO GUILHERME,AC,Norte,2021
16,58,ANA VITORIA,AC,Norte,2021
17,57,ISADORA,AC,Norte,2021
18,55,HELENA,AC,Norte,2021
19,54,MARIA CLARA,AC,Norte,2021
20,54,LAURA,AC,Norte,2021
21,50,MARIA JULIA,AC,Norte,2021
22,50,MARIA CECILIA,AC,Norte,2021
23,49,LORENZO,AC,Norte,2021
24,49,ALICE,AC,Norte,2021
25,49,REBECA,AC,Norte,2021
26,47,JOAO LUCAS,AC,Norte,2021
27,47,ELOA,AC,Norte,2021
28,47,ANA JULIA,AC,Norte,2021
29,45,ENZO,AC,Norte,2021
30,44,VALENTINA,AC,Norte,2021
31,43,PEDRO HENRIQUE,AC,Norte,2021
32,42,ARTHUR MIGUEL,AC,Norte,2021
33,40,MAITE,AC,Norte,2021
34,38,HELOISA,AC,Norte,2021
35,38,ESTHER,AC,Norte,2021
36,38,DANIEL,AC,Norte,2021
37,37,CECILIA,AC,Norte,2021
38,36,ANA CLARA,AC,Norte,2021
39,36,JOAO PEDRO,AC,Norte,2021
40,35,LEVI,AC,Norte,2021
41,35,ANA LIZ,AC,Norte,2021
42,35,MARIA HELENA,AC,Norte,2021
43,35,JOSUE,AC,Norte,2021
44,34,MARIA VITORIA,AC,Norte,2021
45,34,NICOLAS,AC,Norte,2021
46,34,BENJAMIM,AC,Norte,2021
47,34,AGATHA,AC,Norte,2021
48,34,GUSTAVO,AC,Norte,2021
49,33,ESTER,AC,Norte,2021
50,33,MARIA EDUARDA,AC,Norte,2021
1,436,ARTHUR,AM,Norte,2021
2,390,GAEL,AM,Norte,2021
3,352,MIGUEL,AM,Norte,2021
4,278,JOAO MIGUEL,AM,Norte,2021
5,278,HEITOR,AM,Norte,2021
6,258,GABRIEL,AM,Norte,2021
7,252,SAMUEL,AM,Norte,2021
8,249,ENZO GABRIEL,AM,Norte,2021
9,246,MARIA CLARA,AM,Norte,2021
10,240,MARIA ALICE,AM,Norte,2021
11,233,DAVI,AM,Norte,2021
12,215,RAVI,AM,Norte,2021
13,197,ANA CLARA,AM,Norte,2021
14,196,LAURA,AM,Norte,2021
15,195,MARIA EDUARDA,AM,Norte,2021
16,193,MARIA JULIA,AM,Norte,2021
17,175,THEO,AM,Norte,2021
18,173,HELENA,AM,Norte,2021
19,170,PEDRO HENRIQUE,AM,Norte,2021
20,170,ANA VITORIA,AM,Norte,2021
21,168,ALICE,AM,Norte,2021
22,166,ARTHUR MIGUEL,AM,Norte,2021
23,165,VALENTINA,AM,Norte,2021
24,159,ISADORA,AM,Norte,2021
25,158,ANA JULIA,AM,Norte,2021
26,157,BERNARDO,AM,Norte,2021
27,148,MARIA HELENA,AM,Norte,2021
28,148,NOAH,AM,Norte,2021
29,145,MARIA,AM,Norte,2021
30,139,BENICIO,AM,Norte,2021
31,134,GUILHERME,AM,Norte,2021
32,129,MARIA LUIZA,AM,Norte,2021
33,127,ELOA,AM,Norte,2021
34,127,DANIEL,AM,Norte,2021
35,126,NICOLAS,AM,Norte,2021
36,125,HELOISA,AM,Norte,2021
37,120,ANTHONY,AM,Norte,2021
38,120,MAITE,AM,Norte,2021
39,117,JOSE,AM,Norte,2021
40,117,PEDRO,AM,Norte,2021
41,116,EMANUEL,AM,Norte,2021
42,116,MARIA CECILIA,AM,Norte,2021
43,114,AYLA,AM,Norte,2021
44,113,SOPHIA,AM,Norte,2021
45,112,LEVI,AM,Norte,2021
46,112,LUCAS,AM,Norte,2021
47,110,JOAO PEDRO,AM,Norte,2021
48,109,AGATHA,AM,Norte,2021
49,107,MARIA VITORIA,AM,Norte,2021
50,104,RAFAEL,AM,Norte,2021
1,53,ARTHUR,RR,Norte,2021
2,53,GAEL,RR,Norte,2021
3,45,HEITOR,RR,Norte,2021
4,45,SAMUEL,RR,Norte,2021
5,44,MIGUEL,RR,Norte,2021
6,44,GABRIEL,RR,Norte,2021
7,43,LAURA,RR,Norte,2021
8,40,JOAO MIGUEL,RR,Norte,2021
9,33,VALENTINA,RR,Norte,2021
10,33,MARIA ALICE,RR,Norte,2021
11,33,MARIA EDUARDA,RR,Norte,2021
12,32,ALICE,RR,Norte,2021
13,30,DAVI,RR,Norte,2021
14,30,ENZO GABRIEL,RR,Norte,2021
15,27,ARTHUR MIGUEL,RR,Norte,2021
16,26,BENJAMIN,RR,Norte,2021
17,26,HELENA,RR,Norte,2021
18,25,MARIA CECILIA,RR,Norte,2021
19,25,DANIEL,RR,Norte,2021
20,24,BERNARDO,RR,Norte,2021
21,24,MAITE,RR,Norte,2021
22,24,MARIA CLARA,RR,Norte,2021
23,24,THEO,RR,Norte,2021
24,22,ANA JULIA,RR,Norte,2021
25,22,PEDRO HENRIQUE,RR,Norte,2021
26,22,MURILO,RR,Norte,2021
27,22,ANA CLARA,RR,Norte,2021
28,22,NOAH,RR,Norte,2021
29,21,ELOA,RR,Norte,2021
30,21,RAVI,RR,Norte,2021
31,21,EMANUEL,RR,Norte,2021
32,21,ISADORA,RR,Norte,2021
33,20,ISABELLA,RR,Norte,2021
34,20,JOAQUIM,RR,Norte,2021
35,19,BENICIO,RR,Norte,2021
36,19,GUILHERME,RR,Norte,2021
37,19,REBECA,RR,Norte,2021
38,19,LUCAS,RR,Norte,2021
39,19,PEDRO,RR,Norte,2021
40,18,ARTHUR GABRIEL,RR,Norte,2021
41,18,NICOLAS,RR,Norte,2021
42,18,GUSTAVO,RR,Norte,2021
43,18,HENRIQUE,RR,Norte,2021
44,18,LIVIA,RR,Norte,2021
45,17,MARIA LUIZA,RR,Norte,2021
46,17,BENJAMIM,RR,Norte,2021
47,17,JOAO PEDRO,RR,Norte,2021
48,16,MARIA JULIA,RR,Norte,2021
49,16,MARIA VALENTINA,RR,Norte,2021
50,16,MARIA HELENA,RR,Norte,2021
1,865,ARTHUR,PA,Norte,2021
2,759,GAEL,PA,Norte,2021
3,734,JOAO MIGUEL,PA,Norte,2021
4,711,HEITOR,PA,Norte,2021
5,709,ENZO GABRIEL,PA,Norte,2021
6,707,MIGUEL,PA,Norte,2021
7,613,SAMUEL,PA,Norte,2021
8,555,GABRIEL,PA,Norte,2021
9,541,DAVI,PA,Norte,2021
10,535,MARIA ALICE,PA,Norte,2021
11,517,MARIA CECILIA,PA,Norte,2021
12,477,LAURA,PA,Norte,2021
13,454,MARIA CLARA,PA,Norte,2021
14,396,ALICE,PA,Norte,2021
15,392,MARIA EDUARDA,PA,Norte,2021
16,390,MARIA JULIA,PA,Norte,2021
17,370,HELENA,PA,Norte,2021
18,352,GUILHERME,PA,Norte,2021
19,337,BERNARDO,PA,Norte,2021
20,335,VALENTINA,PA,Norte,2021
21,331,RAVI,PA,Norte,2021
22,328,ANA CLARA,PA,Norte,2021
23,321,THEO,PA,Norte,2021
24,309,ANA LAURA,PA,Norte,2021
25,308,ANA VITORIA,PA,Norte,2021
26,308,ISADORA,PA,Norte,2021
27,307,MARIA LUIZA,PA,Norte,2021
28,302,JOAO LUCAS,PA,Norte,2021
29,295,HELOISA,PA,Norte,2021
30,293,PEDRO HENRIQUE,PA,Norte,2021
31,289,JOAO GUILHERME,PA,Norte,2021
32,288,NICOLAS,PA,Norte,2021
33,286,LORENZO,PA,Norte,2021
34,285,DANIEL,PA,Norte,2021
35,280,MAITE,PA,Norte,2021
36,279,MARIA HELENA,PA,Norte,2021
37,278,ELOA,PA,Norte,2021
38,265,ELISA,PA,Norte,2021
39,263,JULIA,PA,Norte,2021
40,261,MARIA VITORIA,PA,Norte,2021
41,257,CECILIA,PA,Norte,2021
42,251,JOAO PEDRO,PA,Norte,2021
43,246,ENZO,PA,Norte,2021
44,238,ISABELLA,PA,Norte,2021
45,237,ISAAC,PA,Norte,2021
46,234,LUCAS,PA,Norte,2021
47,232,REBECA,PA,Norte,2021
48,230,MARIA VALENTINA,PA,Norte,2021
49,218,PEDRO,PA,Norte,2021
50,216,GUSTAVO,PA,Norte,2021
1,129,GAEL,AP,Norte,2021
2,120,ARTHUR,AP,Norte,2021
3,100,HEITOR,AP,Norte,2021
4,92,MIGUEL,AP,Norte,2021
5,68,ENZO GABRIEL,AP,Norte,2021
6,67,DAVI,AP,Norte,2021
7,63,SAMUEL,AP,Norte,2021
8,62,MARIA EDUARDA,AP,Norte,2021
9,62,JOAO MIGUEL,AP,Norte,2021
10,59,GABRIEL,AP,Norte,2021
11,58,ANA JULIA,AP,Norte,2021
12,55,MARIA JULIA,AP,Norte,2021
13,55,ALICE,AP,Norte,2021
14,54,RAVI,AP,Norte,2021
15,53,MARIA ALICE,AP,Norte,2021
16,52,DANIEL,AP,Norte,2021
17,49,ISADORA,AP,Norte,2021
18,49,GUILHERME,AP,Norte,2021
19,48,ELOA,AP,Norte,2021
20,46,ANA CLARA,AP,Norte,2021
21,46,HELENA,AP,Norte,2021
22,45,REBECA,AP,Norte,2021
23,44,LAURA,AP,Norte,2021
24,43,VALENTINA,AP,Norte,2021
25,43,PEDRO HENRIQUE,AP,Norte,2021
26,41,MARIA CLARA,AP,Norte,2021
27,40,MARIA HELENA,AP,Norte,2021
28,39,ANA VITORIA,AP,Norte,2021
29,36,MARIA VITORIA,AP,Norte,2021
30,35,MAITE,AP,Norte,2021
31,34,JOSUE,AP,Norte,2021
32,33,JOAQUIM,AP,Norte,2021
33,33,MARIA CECILIA,AP,Norte,2021
34,32,ISABELLA,AP,Norte,2021
35,32,EMANUEL,AP,Norte,2021
36,32,BERNARDO,AP,Norte,2021
37,32,JOAO PEDRO,AP,Norte,2021
38,31,ESTHER,AP,Norte,2021
39,30,NOAH,AP,Norte,2021
40,30,ENZO,AP,Norte,2021
41,30,JOAO LUCAS,AP,Norte,2021
42,30,MARIA LUIZA,AP,Norte,2021
43,30,JOAO GUILHERME,AP,Norte,2021
44,30,THEO,AP,Norte,2021
45,30,MANUELA,AP,Norte,2021
46,29,ARTHUR GABRIEL,AP,Norte,2021
47,29,LUNA,AP,Norte,2021
48,29,SOPHIA,AP,Norte,2021
49,28,ANTHONY,AP,Norte,2021
50,28,MARIA VALENTINA,AP,Norte,2021
1,219,ARTHUR,TO,Norte,2021
2,201,MIGUEL,TO,Norte,2021
3,192,HEITOR,TO,Norte,2021
4,186,JOAO MIGUEL,TO,Norte,2021
5,164,GAEL,TO,Norte,2021
6,150,ALICE,TO,Norte,2021
7,148,THEO,TO,Norte,2021
8,148,HELENA,TO,Norte,2021
9,145,DAVI,TO,Norte,2021
10,136,MARIA CECILIA,TO,Norte,2021
11,127,ELISA,TO,Norte,2021
12,126,LAURA,TO,Norte,2021
13,126,SAMUEL,TO,Norte,2021
14,124,BERNARDO,TO,Norte,2021
15,120,HELOISA,TO,Norte,2021
16,117,VALENTINA,TO,Norte,2021
17,116,GABRIEL,TO,Norte,2021
18,99,ENZO GABRIEL,TO,Norte,2021
19,99,RAVI,TO,Norte,2021
20,96,CECILIA,TO,Norte,2021
21,94,MARIA ALICE,TO,Norte,2021
22,93,ELOA,TO,Norte,2021
23,92,ISAAC,TO,Norte,2021
24,81,PEDRO,TO,Norte,2021
25,79,ANTHONY,TO,Norte,2021
26,77,MAITE,TO,Norte,2021
27,76,JOAO LUCAS,TO,Norte,2021
28,76,MARIA JULIA,TO,Norte,2021
29,75,JULIA,TO,Norte,2021
30,74,ISIS,TO,Norte,2021
31,73,ANA JULIA,TO,Norte,2021
32,69,LORENZO,TO,Norte,2021
33,69,MARIA CLARA,TO,Norte,2021
34,68,NICOLAS,TO,Norte,2021
35,68,ENZO,TO,Norte,2021
36,68,ANA LAURA,TO,Norte,2021
37,68,BENICIO,TO,Norte,2021
38,67,ANA VITORIA,TO,Norte,2021
39,66,PIETRO,TO,Norte,2021
40,64,ISADORA,TO,Norte,2021
41,64,ESTHER,TO,Norte,2021
42,63,BENJAMIN,TO,Norte,2021
43,63,DANIEL,TO,Norte,2021
44,61,HENRIQUE,TO,Norte,2021
45,61,LIZ,TO,Norte,2021
46,60,ISABELLA,TO,Norte,2021
47,59,GUILHERME,TO,Norte,2021
48,59,JOAO PEDRO,TO,Norte,2021
49,58,REBECA,TO,Norte,2021
50,58,EMANUEL,TO,Norte,2021
1,743,JOAO MIGUEL,MA,Nordeste,2021
2,723,MARIA CECILIA,MA,Nordeste,2021
3,650,ARTHUR,MA,Nordeste,2021
4,648,GAEL,MA,Nordeste,2021
5,632,HEITOR,MA,Nordeste,2021
6,622,ENZO GABRIEL,MA,Nordeste,2021
7,461,MARIA ALICE,MA,Nordeste,2021
8,446,MARIA JULIA,MA,Nordeste,2021
9,440,SAMUEL,MA,Nordeste,2021
10,421,THEO,MA,Nordeste,2021
11,416,MIGUEL,MA,Nordeste,2021
12,379,DAVI,MA,Nordeste,2021
13,330,JOAO GUILHERME,MA,Nordeste,2021
14,323,MARIA CLARA,MA,Nordeste,2021
15,322,HELENA,MA,Nordeste,2021
16,320,GABRIEL,MA,Nordeste,2021
17,320,JOAO LUCAS,MA,Nordeste,2021
18,312,ANA JULIA,MA,Nordeste,2021
19,309,MARIA ISIS,MA,Nordeste,2021
20,294,ALICE,MA,Nordeste,2021
21,287,HELOISA,MA,Nordeste,2021
22,285,ISAAC,MA,Nordeste,2021
23,283,VALENTINA,MA,Nordeste,2021
24,273,ELISA,MA,Nordeste,2021
25,271,MARIA EDUARDA,MA,Nordeste,2021
26,268,ISADORA,MA,Nordeste,2021
27,263,RAVI,MA,Nordeste,2021
28,259,LORENZO,MA,Nordeste,2021
29,257,MARIA VITORIA,MA,Nordeste,2021
30,257,LAURA,MA,Nordeste,2021
31,253,BENJAMIM,MA,Nordeste,2021
32,250,BENJAMIN,MA,Nordeste,2021
33,250,MARIA VALENTINA,MA,Nordeste,2021
34,242,DAVI LUCAS,MA,Nordeste,2021
35,242,BENICIO,MA,Nordeste,2021
36,240,ANA VITORIA,MA,Nordeste,2021
37,236,ELOA,MA,Nordeste,2021
38,235,MARIA HELENA,MA,Nordeste,2021
39,231,REBECA,MA,Nordeste,2021
40,223,JOAO PEDRO,MA,Nordeste,2021
41,217,LEVI,MA,Nordeste,2021
42,212,MARIA LUIZA,MA,Nordeste,2021
43,206,PEDRO HENRIQUE,MA,Nordeste,2021
44,205,LORENA,MA,Nordeste,2021
45,203,BERNARDO,MA,Nordeste,2021
46,198,MAITE,MA,Nordeste,2021
47,193,CECILIA,MA,Nordeste,2021
48,193,NICOLAS,MA,Nordeste,2021
49,191,DANIEL,MA,Nordeste,2021
50,189,MARIA HELOISA,MA,Nordeste,2021
1,266,JOAO MIGUEL,PI,Nordeste,2021
2,252,GAEL,PI,Nordeste,2021
3,239,ENZO GABRIEL,PI,Nordeste,2021
4,234,MARIA ALICE,PI,Nordeste,2021
5,233,ARTHUR,PI,Nordeste,2021
6,223,MARIA CECILIA,PI,Nordeste,2021
7,181,HEITOR,PI,Nordeste,2021
8,173,MARIA JULIA,PI,Nordeste,2021
9,162,MIGUEL,PI,Nordeste,2021
10,161,SAMUEL,PI,Nordeste,2021
11,154,GABRIEL,PI,Nordeste,2021
12,153,MARIA ISIS,PI,Nordeste,2021
13,147,THEO,PI,Nordeste,2021
14,142,MARIA VALENTINA,PI,Nordeste,2021
15,138,JOAO LUCAS,PI,Nordeste,2021
16,138,DAVI,PI,Nordeste,2021
17,129,BERNARDO,PI,Nordeste,2021
18,121,RAVI,PI,Nordeste,2021
19,115,ANA JULIA,PI,Nordeste,2021
20,114,MARIA VITORIA,PI,Nordeste,2021
21,113,JOAO GUILHERME,PI,Nordeste,2021
22,107,MARIA EDUARDA,PI,Nordeste,2021
23,105,MARIA CLARA,PI,Nordeste,2021
24,103,ISAAC,PI,Nordeste,2021
25,102,LAURA,PI,Nordeste,2021
26,98,LORENZO,PI,Nordeste,2021
27,97,ALICE,PI,Nordeste,2021
28,95,VALENTINA,PI,Nordeste,2021
29,94,BENJAMIN,PI,Nordeste,2021
30,89,JOAO GABRIEL,PI,Nordeste,2021
31,87,BENJAMIM,PI,Nordeste,2021
32,86,JOAO PEDRO,PI,Nordeste,2021
33,85,BENICIO,PI,Nordeste,2021
34,84,DAVI LUCAS,PI,Nordeste,2021
35,83,HELOISA,PI,Nordeste,2021
36,82,ISADORA,PI,Nordeste,2021
37,79,MARIA HELENA,PI,Nordeste,2021
38,78,MARIA LAURA,PI,Nordeste,2021
39,76,MARIA,PI,Nordeste,2021
40,76,MARIA HELOISA,PI,Nordeste,2021
41,75,LEVI,PI,Nordeste,2021
42,71,ARTHUR MIGUEL,PI,Nordeste,2021
43,71,MARIA LUIZA,PI,Nordeste,2021
44,71,MARIA ELOA,PI,Nordeste,2021
45,71,ELISA,PI,Nordeste,2021
46,70,GUILHERME,PI,Nordeste,2021
47,69,LORENA,PI,Nordeste,2021
48,69,REBECA,PI,Nordeste,2021
49,68,MATHEUS,PI,Nordeste,2021
50,68,NICOLAS,PI,Nordeste,2021
1,1056,JOAO MIGUEL,CE,Nordeste,2021
2,883,MARIA ALICE,CE,Nordeste,2021
3,782,ENZO GABRIEL,CE,Nordeste,2021
4,773,ARTHUR,CE,Nordeste,2021
5,740,MARIA CECILIA,CE,Nordeste,2021
6,726,GAEL,CE,Nordeste,2021
7,722,MIGUEL,CE,Nordeste,2021
8,645,HEITOR,CE,Nordeste,2021
9,623,MARIA JULIA,CE,Nordeste,2021
10,608,THEO,CE,Nordeste,2021
11,597,MARIA ISIS,CE,Nordeste,2021
12,571,MARIA CLARA,CE,Nordeste,2021
13,517,SAMUEL,CE,Nordeste,2021
14,509,GABRIEL,CE,Nordeste,2021
15,507,DAVI,CE,Nordeste,2021
16,454,MARIA VALENTINA,CE,Nordeste,2021
17,445,MARIA ELOA,CE,Nordeste,2021
18,443,RAVI,CE,Nordeste,2021
19,436,BERNARDO,CE,Nordeste,2021
20,434,LAURA,CE,Nordeste,2021
21,426,ANA LIZ,CE,Nordeste,2021
22,412,MARIA LIZ,CE,Nordeste,2021
23,392,MARIA EDUARDA,CE,Nordeste,2021
24,388,ANA LAURA,CE,Nordeste,2021
25,378,ANA JULIA,CE,Nordeste,2021
26,365,ISAAC,CE,Nordeste,2021
27,358,MARIA LUIZA,CE,Nordeste,2021
28,353,MARIA HELOISA,CE,Nordeste,2021
29,353,JOAO LUCAS,CE,Nordeste,2021
30,336,MARIA VITORIA,CE,Nordeste,2021
31,334,JOAO PEDRO,CE,Nordeste,2021
32,334,NOAH,CE,Nordeste,2021
33,334,BENICIO,CE,Nordeste,2021
34,330,MARIA HELENA,CE,Nordeste,2021
35,323,MARIA LAURA,CE,Nordeste,2021
36,310,LORENZO,CE,Nordeste,2021
37,310,JOAO GUILHERME,CE,Nordeste,2021
38,298,VALENTINA,CE,Nordeste,2021
39,293,BENJAMIN,CE,Nordeste,2021
40,291,ANA VITORIA,CE,Nordeste,2021
41,288,MAITE,CE,Nordeste,2021
42,285,JOAO GABRIEL,CE,Nordeste,2021
43,284,ALICE,CE,Nordeste,2021
44,269,JOSE MIGUEL,CE,Nordeste,2021
45,263,MARIA ELISA,CE,Nordeste,2021
46,258,BENJAMIM,CE,Nordeste,2021
47,255,ANA CECILIA,CE,Nordeste,2021
48,253,MARIA ESTHER,CE,Nordeste,2021
49,250,ELISA,CE,Nordeste,2021
50,247,PEDRO LUCAS,CE,Nordeste,2021
1,297,JOAO MIGUEL,RN,Nordeste,2021
2,271,MARIA CECILIA,RN,Nordeste,2021
3,265,MARIA ALICE,RN,Nordeste,2021
4,257,ENZO GABRIEL,RN,Nordeste,2021
5,237,MARIA HELENA,RN,Nordeste,2021
6,219,MIGUEL,RN,Nordeste,2021
7,190,MARIA JULIA,RN,Nordeste,2021
8,186,MARIA CLARA,RN,Nordeste,2021
9,184,ARTHUR,RN,Nordeste,2021
10,179,HEITOR,RN,Nordeste,2021
11,174,DAVI,RN,Nordeste,2021
12,169,THEO,RN,Nordeste,2021
13,166,MARIA VITORIA,RN,Nordeste,2021
14,165,SAMUEL,RN,Nordeste,2021
15,164,GABRIEL,RN,Nordeste,2021
16,161,GAEL,RN,Nordeste,2021
17,147,JOAO GUILHERME,RN,Nordeste,2021
18,145,RAVI,RN,Nordeste,2021
19,144,MARIA VALENTINA,RN,Nordeste,2021
20,140,MARIA LUIZA,RN,Nordeste,2021
21,135,MARIA EDUARDA,RN,Nordeste,2021
22,130,MARIA LIZ,RN,Nordeste,2021
23,125,BERNARDO,RN,Nordeste,2021
24,122,ANA JULIA,RN,Nordeste,2021
25,121,JOAO GABRIEL,RN,Nordeste,2021
26,117,MARIA ISIS,RN,Nordeste,2021
27,108,LAURA,RN,Nordeste,2021
28,107,JOAO LUCAS,RN,Nordeste,2021
29,107,BENICIO,RN,Nordeste,2021
30,106,ALICE,RN,Nordeste,2021
31,101,MARIA LAURA,RN,Nordeste,2021
32,98,ANA LAURA,RN,Nordeste,2021
33,96,JOSE MIGUEL,RN,Nordeste,2021
34,93,DAVI LUCAS,RN,Nordeste,2021
35,93,HELENA,RN,Nordeste,2021
36,92,JOAO PEDRO,RN,Nordeste,2021
37,89,JOSE,RN,Nordeste,2021
38,89,ANA CECILIA,RN,Nordeste,2021
39,89,GUILHERME,RN,Nordeste,2021
40,84,LUCAS GABRIEL,RN,Nordeste,2021
41,82,LUCAS,RN,Nordeste,2021
42,82,PEDRO,RN,Nordeste,2021
43,81,MARIA ELISA,RN,Nordeste,2021
44,81,ANTHONY GABRIEL,RN,Nordeste,2021
45,80,MARIA ELOA,RN,Nordeste,2021
46,79,ANA LIZ,RN,Nordeste,2021
47,78,PEDRO HENRIQUE,RN,Nordeste,2021
48,77,LEVI,RN,Nordeste,2021
49,75,VALENTINA,RN,Nordeste,2021
50,72,MAITE,RN,Nordeste,2021
1,529,MARIA ALICE,PB,Nordeste,2021
2,441,MARIA CECILIA,PB,Nordeste,2021
3,438,JOAO MIGUEL,PB,Nordeste,2021
4,422,ENZO GABRIEL,PB,Nordeste,2021
5,356,MIGUEL,PB,Nordeste,2021
6,332,MARIA HELENA,PB,Nordeste,2021
7,318,ARTHUR,PB,Nordeste,2021
8,304,MARIA JULIA,PB,Nordeste,2021
9,303,MARIA CLARA,PB,Nordeste,2021
10,297,HEITOR,PB,Nordeste,2021
11,291,SAMUEL,PB,Nordeste,2021
12,276,DAVI,PB,Nordeste,2021
13,272,GAEL,PB,Nordeste,2021
14,264,GABRIEL,PB,Nordeste,2021
15,261,MARIA VITORIA,PB,Nordeste,2021
16,217,THEO,PB,Nordeste,2021
17,206,JOAO LUCAS,PB,Nordeste,2021
18,201,ANA JULIA,PB,Nordeste,2021
19,198,RAVI,PB,Nordeste,2021
20,198,ALICE,PB,Nordeste,2021
21,192,LAURA,PB,Nordeste,2021
22,190,MARIA LUIZA,PB,Nordeste,2021
23,184,BERNARDO,PB,Nordeste,2021
24,175,DAVI LUCAS,PB,Nordeste,2021
25,174,JOSE MIGUEL,PB,Nordeste,2021
26,171,JOAO PEDRO,PB,Nordeste,2021
27,171,PEDRO HENRIQUE,PB,Nordeste,2021
28,166,HELENA,PB,Nordeste,2021
29,164,JOAO GUILHERME,PB,Nordeste,2021
30,155,ISAAC,PB,Nordeste,2021
31,154,MARIA ELOA,PB,Nordeste,2021
32,152,MARIA EDUARDA,PB,Nordeste,2021
33,150,ANA LAURA,PB,Nordeste,2021
34,148,MARIA LAURA,PB,Nordeste,2021
35,147,MARIA HELOISA,PB,Nordeste,2021
36,143,LORENA,PB,Nordeste,2021
37,140,LUCAS,PB,Nordeste,2021
38,139,GUILHERME,PB,Nordeste,2021
39,135,MARIA VALENTINA,PB,Nordeste,2021
40,135,PEDRO,PB,Nordeste,2021
41,126,ANA LIZ,PB,Nordeste,2021
42,124,ANA BEATRIZ,PB,Nordeste,2021
43,121,ARTHUR MIGUEL,PB,Nordeste,2021
44,120,LEVI,PB,Nordeste,2021
45,119,RAFAEL,PB,Nordeste,2021
46,118,JOAO GABRIEL,PB,Nordeste,2021
47,118,LORENZO,PB,Nordeste,2021
48,117,BENICIO,PB,Nordeste,2021
49,116,MARIANA,PB,Nordeste,2021
50,116,NICOLAS,PB,Nordeste,2021
1,960,MARIA ALICE,PE,Nordeste,2021
2,794,JOAO MIGUEL,PE,Nordeste,2021
3,792,MARIA CECILIA,PE,Nordeste,2021
4,771,ENZO GABRIEL,PE,Nordeste,2021
5,744,MARIA CLARA,PE,Nordeste,2021
6,707,MIGUEL,PE,Nordeste,2021
7,685,ARTHUR,PE,Nordeste,2021
8,655,MARIA JULIA,PE,Nordeste,2021
9,623,DAVI,PE,Nordeste,2021
10,598,HEITOR,PE,Nordeste,2021
11,564,MARIA HELENA,PE,Nordeste,2021
12,531,SAMUEL,PE,Nordeste,2021
13,473,MARIA LUIZA,PE,Nordeste,2021
14,469,BERNARDO,PE,Nordeste,2021
15,466,THEO,PE,Nordeste,2021
16,464,GABRIEL,PE,Nordeste,2021
17,431,GAEL,PE,Nordeste,2021
18,398,LAURA,PE,Nordeste,2021
19,380,MARIA VITORIA,PE,Nordeste,2021
20,377,MARIA HELOISA,PE,Nordeste,2021
21,373,JOAO GUILHERME,PE,Nordeste,2021
22,363,JOAO LUCAS,PE,Nordeste,2021
23,361,JOAO PEDRO,PE,Nordeste,2021
24,355,RAVI,PE,Nordeste,2021
25,354,HELENA,PE,Nordeste,2021
26,351,PEDRO HENRIQUE,PE,Nordeste,2021
27,339,ARTHUR MIGUEL,PE,Nordeste,2021
28,339,ANA JULIA,PE,Nordeste,2021
29,326,MARIA VALENTINA,PE,Nordeste,2021
30,324,ALICE,PE,Nordeste,2021
31,314,MARIA EDUARDA,PE,Nordeste,2021
32,311,MARIA LAURA,PE,Nordeste,2021
33,286,PEDRO,PE,Nordeste,2021
34,282,LORENA,PE,Nordeste,2021
35,280,JOSE MIGUEL,PE,Nordeste,2021
36,274,LUCAS,PE,Nordeste,2021
37,273,MATHEUS,PE,Nordeste,2021
38,272,ARTHUR GABRIEL,PE,Nordeste,2021
39,270,ANA BEATRIZ,PE,Nordeste,2021
40,261,LUCAS GABRIEL,PE,Nordeste,2021
41,251,ANTHONY GABRIEL,PE,Nordeste,2021
42,243,DAVI LUCAS,PE,Nordeste,2021
43,241,GUILHERME,PE,Nordeste,2021
44,238,BENICIO,PE,Nordeste,2021
45,237,HELOISA,PE,Nordeste,2021
46,234,JOAO GABRIEL,PE,Nordeste,2021
47,230,JOSE,PE,Nordeste,2021
48,229,VALENTINA,PE,Nordeste,2021
49,225,ANA LAURA,PE,Nordeste,2021
50,225,MARIA ELOA,PE,Nordeste,2021
1,390,MARIA CECILIA,AL,Nordeste,2021
2,379,JOAO MIGUEL,AL,Nordeste,2021
3,299,ENZO GABRIEL,AL,Nordeste,2021
4,286,MARIA ALICE,AL,Nordeste,2021
5,243,MARIA CLARA,AL,Nordeste,2021
6,233,MIGUEL,AL,Nordeste,2021
7,223,MARIA JULIA,AL,Nordeste,2021
8,216,ARTHUR,AL,Nordeste,2021
9,210,MARIA LUIZA,AL,Nordeste,2021
10,206,DAVI,AL,Nordeste,2021
11,205,JOAO GUILHERME,AL,Nordeste,2021
12,185,MARIA HELENA,AL,Nordeste,2021
13,184,HEITOR,AL,Nordeste,2021
14,171,MARIA VITORIA,AL,Nordeste,2021
15,168,SAMUEL,AL,Nordeste,2021
16,166,GABRIEL,AL,Nordeste,2021
17,160,MARIA VALENTINA,AL,Nordeste,2021
18,158,GAEL,AL,Nordeste,2021
19,152,MARIA HELOISA,AL,Nordeste,2021
20,149,MARIA EDUARDA,AL,Nordeste,2021
21,140,LORENA,AL,Nordeste,2021
22,137,JOSE MIGUEL,AL,Nordeste,2021
23,135,PEDRO HENRIQUE,AL,Nordeste,2021
24,132,JOAO PEDRO,AL,Nordeste,2021
25,132,BERNARDO,AL,Nordeste,2021
26,127,RAVI,AL,Nordeste,2021
27,121,ARTHUR GABRIEL,AL,Nordeste,2021
28,119,DAVI LUCAS,AL,Nordeste,2021
29,119,HELENA,AL,Nordeste,2021
30,119,THEO,AL,Nordeste,2021
31,116,ARTHUR MIGUEL,AL,Nordeste,2021
32,116,MARIA ISIS,AL,Nordeste,2021
33,114,MARIA ELOA,AL,Nordeste,2021
34,113,ANA JULIA,AL,Nordeste,2021
35,112,LAURA,AL,Nordeste,2021
36,110,JOAO LUCAS,AL,Nordeste,2021
37,109,ANTHONY GABRIEL,AL,Nordeste,2021
38,108,MARIA LIZ,AL,Nordeste,2021
39,105,GUILHERME,AL,Nordeste,2021
40,104,MATHEUS,AL,Nordeste,2021
41,103,JOAQUIM,AL,Nordeste,2021
42,99,LUCAS GABRIEL,AL,Nordeste,2021
43,98,VALENTINA,AL,Nordeste,2021
44,96,MARIA LAURA,AL,Nordeste,2021
45,95,MARIA ELISA,AL,Nordeste,2021
46,95,PEDRO,AL,Nordeste,2021
47,94,MARINA,AL,Nordeste,2021
48,91,JOSE,AL,Nordeste,2021
49,89,ALICE,AL,Nordeste,2021
50,87,PEDRO MIGUEL,AL,Nordeste,2021
1,230,ENZO GABRIEL,SE,Nordeste,2021
2,229,MARIA ALICE,SE,Nordeste,2021
3,226,HEITOR,SE,Nordeste,2021
4,214,JOAO MIGUEL,SE,Nordeste,2021
5,214,MARIA CECILIA,SE,Nordeste,2021
6,212,ARTHUR,SE,Nordeste,2021
7,208,MIGUEL,SE,Nordeste,2021
8,185,GAEL,SE,Nordeste,2021
9,161,THEO,SE,Nordeste,2021
10,160,MARIA CLARA,SE,Nordeste,2021
11,144,DAVI,SE,Nordeste,2021
12,143,BERNARDO,SE,Nordeste,2021
13,135,SAMUEL,SE,Nordeste,2021
14,127,MARIA HELENA,SE,Nordeste,2021
15,125,ALICE,SE,Nordeste,2021
16,123,LAURA,SE,Nordeste,2021
17,121,MARIA LUIZA,SE,Nordeste,2021
18,119,RAVI,SE,Nordeste,2021
19,117,GABRIEL,SE,Nordeste,2021
20,114,HELENA,SE,Nordeste,2021
21,109,MARIA JULIA,SE,Nordeste,2021
22,107,MARIA VALENTINA,SE,Nordeste,2021
23,107,ELISA,SE,Nordeste,2021
24,104,JOAO PEDRO,SE,Nordeste,2021
25,100,MARIA HELOISA,SE,Nordeste,2021
26,94,MARIA EDUARDA,SE,Nordeste,2021
27,94,ARTHUR MIGUEL,SE,Nordeste,2021
28,92,JOAQUIM,SE,Nordeste,2021
29,92,JOAO GUILHERME,SE,Nordeste,2021
30,92,LORENZO,SE,Nordeste,2021
31,91,ANA JULIA,SE,Nordeste,2021
32,89,PEDRO HENRIQUE,SE,Nordeste,2021
33,87,ANTHONY GABRIEL,SE,Nordeste,2021
34,81,JOAO LUCAS,SE,Nordeste,2021
35,79,LORENA,SE,Nordeste,2021
36,78,VALENTINA,SE,Nordeste,2021
37,77,GUILHERME,SE,Nordeste,2021
38,74,BENJAMIN,SE,Nordeste,2021
39,73,MARIA LIZ,SE,Nordeste,2021
40,73,MARIA VITORIA,SE,Nordeste,2021
41,72,ENZO,SE,Nordeste,2021
42,68,CECILIA,SE,Nordeste,2021
43,68,MAITE,SE,Nordeste,2021
44,67,ARTHUR GABRIEL,SE,Nordeste,2021
45,67,MATHEUS,SE,Nordeste,2021
46,67,PEDRO,SE,Nordeste,2021
47,67,RAFAEL,SE,Nordeste,2021
48,66,SOPHIA,SE,Nordeste,2021
49,65,GUSTAVO,SE,Nordeste,2021
50,64,JOSE MIGUEL,SE,Nordeste,2021
1,2442,GAEL,BA,Nordeste,2021
2,2071,ARTHUR,BA,Nordeste,2021
3,1890,MIGUEL,BA,Nordeste,2021
4,1792,HEITOR,BA,Nordeste,2021
5,1494,THEO,BA,Nordeste,2021
6,1371,LAURA,BA,Nordeste,2021
7,1287,ALICE,BA,Nordeste,2021
8,1285,SAMUEL,BA,Nordeste,2021
9,1170,GABRIEL,BA,Nordeste,2021
10,1103,HELENA,BA,Nordeste,2021
11,1099,RAVI,BA,Nordeste,2021
12,1084,ENZO GABRIEL,BA,Nordeste,2021
13,1075,DAVI,BA,Nordeste,2021
14,1064,ELISA,BA,Nordeste,2021
15,1052,BERNARDO,BA,Nordeste,2021
16,1020,LORENZO,BA,Nordeste,2021
17,1018,MARIA CECILIA,BA,Nordeste,2021
18,1017,JOAO MIGUEL,BA,Nordeste,2021
19,1008,MARIA ALICE,BA,Nordeste,2021
20,991,VALENTINA,BA,Nordeste,2021
21,822,HELOISA,BA,Nordeste,2021
22,796,SOPHIA,BA,Nordeste,2021
23,761,ELOA,BA,Nordeste,2021
24,736,MARIA JULIA,BA,Nordeste,2021
25,730,GUILHERME,BA,Nordeste,2021
26,728,ANTHONY,BA,Nordeste,2021
27,702,CECILIA,BA,Nordeste,2021
28,688,LIZ,BA,Nordeste,2021
29,670,ISAAC,BA,Nordeste,2021
30,665,ENZO,BA,Nordeste,2021
31,650,LEVI,BA,Nordeste,2021
32,639,MARIA EDUARDA,BA,Nordeste,2021
33,625,MELISSA,BA,Nordeste,2021
34,618,PIETRO,BA,Nordeste,2021
35,601,MARIA CLARA,BA,Nordeste,2021
36,584,BENJAMIN,BA,Nordeste,2021
37,573,LUNA,BA,Nordeste,2021
38,567,HENRY,BA,Nordeste,2021
39,565,JULIA,BA,Nordeste,2021
40,563,LUNNA,BA,Nordeste,2021
41,556,NOAH,BA,Nordeste,2021
42,551,MAYA,BA,Nordeste,2021
43,538,ESTHER,BA,Nordeste,2021
44,534,ANA JULIA,BA,Nordeste,2021
45,526,LORENA,BA,Nordeste,2021
46,521,MARIA HELENA,BA,Nordeste,2021
47,517,AYLLA,BA,Nordeste,2021
48,512,JOAQUIM,BA,Nordeste,2021
49,506,MAITE,BA,Nordeste,2021
50,500,PEDRO,BA,Nordeste,2021
1,3189,MIGUEL,MG,Sudeste,2021
2,2672,HELENA,MG,Sudeste,2021
3,2586,GAEL,MG,Sudeste,2021
4,2554,ARTHUR,MG,Sudeste,2021
5,2393,ALICE,MG,Sudeste,2021
6,2379,HEITOR,MG,Sudeste,2021
7,2223,THEO,MG,Sudeste,2021
8,2075,GABRIEL,MG,Sudeste,2021
9,1976,DAVI,MG,Sudeste,2021
10,1883,MARIA ALICE,MG,Sudeste,2021
11,1795,LAURA,MG,Sudeste,2021
12,1789,BERNARDO,MG,Sudeste,2021
13,1565,SAMUEL,MG,Sudeste,2021
14,1527,MARIA CECILIA,MG,Sudeste,2021
15,1507,JOAO MIGUEL,MG,Sudeste,2021
16,1367,CECILIA,MG,Sudeste,2021
17,1268,BENICIO,MG,Sudeste,2021
18,1243,PEDRO,MG,Sudeste,2021
19,1192,ENZO GABRIEL,MG,Sudeste,2021
20,1140,JULIA,MG,Sudeste,2021
21,1108,VALENTINA,MG,Sudeste,2021
22,1069,MARIA JULIA,MG,Sudeste,2021
23,1043,RAVI,MG,Sudeste,2021
24,1043,SOPHIA,MG,Sudeste,2021
25,1036,LUCAS,MG,Sudeste,2021
26,1015,MARIA CLARA,MG,Sudeste,2021
27,1011,RAFAEL,MG,Sudeste,2021
28,996,HENRIQUE,MG,Sudeste,2021
29,940,MARIA EDUARDA,MG,Sudeste,2021
30,928,JOAO LUCAS,MG,Sudeste,2021
31,913,LORENZO,MG,Sudeste,2021
32,897,ELISA,MG,Sudeste,2021
33,876,MARIA LUIZA,MG,Sudeste,2021
34,873,NOAH,MG,Sudeste,2021
35,859,LIZ,MG,Sudeste,2021
36,849,MANUELA,MG,Sudeste,2021
37,841,ANTONELLA,MG,Sudeste,2021
38,820,HELOISA,MG,Sudeste,2021
39,796,ISIS,MG,Sudeste,2021
40,793,JOAO PEDRO,MG,Sudeste,2021
41,781,ISAAC,MG,Sudeste,2021
42,726,ANA JULIA,MG,Sudeste,2021
43,724,LUISA,MG,Sudeste,2021
44,715,MATHEUS,MG,Sudeste,2021
45,705,BEATRIZ,MG,Sudeste,2021
46,704,SOFIA,MG,Sudeste,2021
47,672,LIVIA,MG,Sudeste,2021
48,651,DAVI LUCCA,MG,Sudeste,2021
49,649,ANTHONY,MG,Sudeste,2021
50,645,LAVINIA,MG,Sudeste,2021
1,811,GAEL,ES,Sudeste,2021
2,777,MIGUEL,ES,Sudeste,2021
3,749,HELENA,ES,Sudeste,2021
4,688,ARTHUR,ES,Sudeste,2021
5,673,THEO,ES,Sudeste,2021
6,658,HEITOR,ES,Sudeste,2021
7,610,LAURA,ES,Sudeste,2021
8,567,ALICE,ES,Sudeste,2021
9,510,BERNARDO,ES,Sudeste,2021
10,497,DAVI,ES,Sudeste,2021
11,492,GABRIEL,ES,Sudeste,2021
12,394,LORENZO,ES,Sudeste,2021
13,388,ELISA,ES,Sudeste,2021
14,375,VALENTINA,ES,Sudeste,2021
15,356,SAMUEL,ES,Sudeste,2021
16,354,BENICIO,ES,Sudeste,2021
17,347,RAVI,ES,Sudeste,2021
18,333,SOPHIA,ES,Sudeste,2021
19,319,MAITE,ES,Sudeste,2021
20,312,CECILIA,ES,Sudeste,2021
21,312,PEDRO,ES,Sudeste,2021
22,311,LIZ,ES,Sudeste,2021
23,311,NOAH,ES,Sudeste,2021
24,289,ANTHONY,ES,Sudeste,2021
25,259,MARIA ALICE,ES,Sudeste,2021
26,252,ANTONELLA,ES,Sudeste,2021
27,247,HELOISA,ES,Sudeste,2021
28,240,BENJAMIN,ES,Sudeste,2021
29,240,HENRIQUE,ES,Sudeste,2021
30,238,ELOA,ES,Sudeste,2021
31,236,LARA,ES,Sudeste,2021
32,225,JULIA,ES,Sudeste,2021
33,224,LUCAS,ES,Sudeste,2021
34,224,ISIS,ES,Sudeste,2021
35,216,ENZO GABRIEL,ES,Sudeste,2021
36,215,JOAO MIGUEL,ES,Sudeste,2021
37,211,AGATHA,ES,Sudeste,2021
38,208,AYLA,ES,Sudeste,2021
39,203,DANIEL,ES,Sudeste,2021
40,200,MURILO,ES,Sudeste,2021
41,198,ISAAC,ES,Sudeste,2021
42,197,MAYA,ES,Sudeste,2021
43,195,ENZO,ES,Sudeste,2021
44,191,GUILHERME,ES,Sudeste,2021
45,189,RAFAEL,ES,Sudeste,2021
46,187,EMANUEL,ES,Sudeste,2021
47,187,EMANUELLY,ES,Sudeste,2021
48,187,ELOAH,ES,Sudeste,2021
49,185,ESTHER,ES,Sudeste,2021
50,183,SOFIA,ES,Sudeste,2021
1,2771,ARTHUR,RJ,Sudeste,2021
2,2753,GAEL,RJ,Sudeste,2021
3,2559,THEO,RJ,Sudeste,2021
4,2466,MIGUEL,RJ,Sudeste,2021
5,2413,HEITOR,RJ,Sudeste,2021
6,2069,LAURA,RJ,Sudeste,2021
7,1982,HELENA,RJ,Sudeste,2021
8,1967,BERNARDO,RJ,Sudeste,2021
9,1817,ALICE,RJ,Sudeste,2021
10,1688,DAVI,RJ,Sudeste,2021
11,1619,MAITE,RJ,Sudeste,2021
12,1601,NOAH,RJ,Sudeste,2021
13,1540,GABRIEL,RJ,Sudeste,2021
14,1300,SAMUEL,RJ,Sudeste,2021
15,1222,SOPHIA,RJ,Sudeste,2021
16,1154,PEDRO,RJ,Sudeste,2021
17,1152,LORENZO,RJ,Sudeste,2021
18,1143,ANTONELLA,RJ,Sudeste,2021
19,1112,MARIA ALICE,RJ,Sudeste,2021
20,1084,VALENTINA,RJ,Sudeste,2021
21,938,MARIA JULIA,RJ,Sudeste,2021
22,921,LUCAS,RJ,Sudeste,2021
23,906,MANUELLA,RJ,Sudeste,2021
24,897,ISAAC,RJ,Sudeste,2021
25,888,BENICIO,RJ,Sudeste,2021
26,873,MANUELA,RJ,Sudeste,2021
27,824,MARIA LUIZA,RJ,Sudeste,2021
28,823,RAVI,RJ,Sudeste,2021
29,806,ELOA,RJ,Sudeste,2021
30,787,JULIA,RJ,Sudeste,2021
31,778,JOAO MIGUEL,RJ,Sudeste,2021
32,767,MARIA EDUARDA,RJ,Sudeste,2021
33,760,ANTHONY,RJ,Sudeste,2021
34,758,ISABELLA,RJ,Sudeste,2021
35,721,MAYA,RJ,Sudeste,2021
36,714,MARIA CLARA,RJ,Sudeste,2021
37,712,BRYAN,RJ,Sudeste,2021
38,703,LARA,RJ,Sudeste,2021
39,699,GUILHERME,RJ,Sudeste,2021
40,694,LIZ,RJ,Sudeste,2021
41,669,MATHEUS,RJ,Sudeste,2021
42,653,BENJAMIN,RJ,Sudeste,2021
43,650,ENZO GABRIEL,RJ,Sudeste,2021
44,650,DANIEL,RJ,Sudeste,2021
45,633,LAVINIA,RJ,Sudeste,2021
46,627,HELOISA,RJ,Sudeste,2021
47,615,AGATHA,RJ,Sudeste,2021
48,604,NICOLAS,RJ,Sudeste,2021
49,602,ELOAH,RJ,Sudeste,2021
50,594,PIETRO,RJ,Sudeste,2021
1,7720,MIGUEL,SP,Sudeste,2021
2,6996,ARTHUR,SP,Sudeste,2021
3,6736,HELENA,SP,Sudeste,2021
4,6475,ALICE,SP,Sudeste,2021
5,6374,GAEL,SP,Sudeste,2021
6,5607,THEO,SP,Sudeste,2021
7,5565,HEITOR,SP,Sudeste,2021
8,5344,LAURA,SP,Sudeste,2021
9,4992,DAVI,SP,Sudeste,2021
10,4495,GABRIEL,SP,Sudeste,2021
11,4434,BERNARDO,SP,Sudeste,2021
12,4003,HELOISA,SP,Sudeste,2021
13,3728,SAMUEL,SP,Sudeste,2021
14,3467,LORENA,SP,Sudeste,2021
15,3417,NOAH,SP,Sudeste,2021
16,3206,PEDRO,SP,Sudeste,2021
17,3181,VALENTINA,SP,Sudeste,2021
18,3084,SOPHIA,SP,Sudeste,2021
19,3063,MAITE,SP,Sudeste,2021
20,2976,MANUELA,SP,Sudeste,2021
21,2947,LORENZO,SP,Sudeste,2021
22,2737,MARIA ALICE,SP,Sudeste,2021
23,2732,LIVIA,SP,Sudeste,2021
24,2615,BENICIO,SP,Sudeste,2021
25,2543,LUCAS,SP,Sudeste,2021
26,2513,RAVI,SP,Sudeste,2021
27,2512,JULIA,SP,Sudeste,2021
28,2510,MARIA CLARA,SP,Sudeste,2021
29,2474,MANUELLA,SP,Sudeste,2021
30,2279,MATHEUS,SP,Sudeste,2021
31,2260,CECILIA,SP,Sudeste,2021
32,2193,MAYA,SP,Sudeste,2021
33,2192,ANTONELLA,SP,Sudeste,2021
34,2182,MARIA EDUARDA,SP,Sudeste,2021
35,2156,LIZ,SP,Sudeste,2021
36,2134,ANTHONY,SP,Sudeste,2021
37,2131,ISAAC,SP,Sudeste,2021
38,2056,ISABELLA,SP,Sudeste,2021
39,2036,RAFAEL,SP,Sudeste,2021
40,1997,MARIA JULIA,SP,Sudeste,2021
41,1978,MARIA LUIZA,SP,Sudeste,2021
42,1960,ELISA,SP,Sudeste,2021
43,1957,HENRY,SP,Sudeste,2021
44,1951,LEONARDO,SP,Sudeste,2021
45,1883,JOAQUIM,SP,Sudeste,2021
46,1848,GUILHERME,SP,Sudeste,2021
47,1821,HENRIQUE,SP,Sudeste,2021
48,1801,FELIPE,SP,Sudeste,2021
49,1801,ELOA,SP,Sudeste,2021
50,1783,ISIS,SP,Sudeste,2021
1,2037,MIGUEL,PR,Sul,2021
2,1673,ARTHUR,PR,Sul,2021
3,1638,HELENA,PR,Sul,2021
4,1510,ALICE,PR,Sul,2021
5,1441,LAURA,PR,Sul,2021
6,1236,DAVI,PR,Sul,2021
7,1233,HEITOR,PR,Sul,2021
8,1103,GABRIEL,PR,Sul,2021
9,1098,THEO,PR,Sul,2021
10,1090,GAEL,PR,Sul,2021
11,1043,SAMUEL,PR,Sul,2021
12,951,BERNARDO,PR,Sul,2021
13,864,CECILIA,PR,Sul,2021
14,811,HELOISA,PR,Sul,2021
15,804,LIVIA,PR,Sul,2021
16,741,PEDRO,PR,Sul,2021
17,736,JOAQUIM,PR,Sul,2021
18,735,MARIA ALICE,PR,Sul,2021
19,731,VALENTINA,PR,Sul,2021
20,726,JULIA,PR,Sul,2021
21,679,SOPHIA,PR,Sul,2021
22,653,ANTONELLA,PR,Sul,2021
23,652,MARIA CLARA,PR,Sul,2021
24,638,RAFAEL,PR,Sul,2021
25,600,BENICIO,PR,Sul,2021
26,581,JOAO MIGUEL,PR,Sul,2021
27,578,NOAH,PR,Sul,2021
28,553,MANUELA,PR,Sul,2021
29,552,LUCAS,PR,Sul,2021
30,550,LEONARDO,PR,Sul,2021
31,549,HENRIQUE,PR,Sul,2021
32,545,ENZO GABRIEL,PR,Sul,2021
33,524,MARIA JULIA,PR,Sul,2021
34,516,ISAAC,PR,Sul,2021
35,508,LORENZO,PR,Sul,2021
36,504,SOFIA,PR,Sul,2021
37,497,EMANUEL,PR,Sul,2021
38,493,FELIPE,PR,Sul,2021
39,483,PEDRO HENRIQUE,PR,Sul,2021
40,482,BENJAMIN,PR,Sul,2021
41,477,RAVI,PR,Sul,2021
42,476,MARIA LUIZA,PR,Sul,2021
43,474,ELISA,PR,Sul,2021
44,474,ISABELLA,PR,Sul,2021
45,474,MATHEUS,PR,Sul,2021
46,472,LORENA,PR,Sul,2021
47,468,BEATRIZ,PR,Sul,2021
48,466,ISIS,PR,Sul,2021
49,455,ISADORA,PR,Sul,2021
50,455,ANTHONY,PR,Sul,2021
1,1307,MIGUEL,SC,Sul,2021
2,1101,HELENA,SC,Sul,2021
3,1036,ARTHUR,SC,Sul,2021
4,881,ALICE,SC,Sul,2021
5,859,THEO,SC,Sul,2021
6,825,LAURA,SC,Sul,2021
7,784,GAEL,SC,Sul,2021
8,769,DAVI,SC,Sul,2021
9,737,HEITOR,SC,Sul,2021
10,686,BERNARDO,SC,Sul,2021
11,646,GABRIEL,SC,Sul,2021
12,614,JOAQUIM,SC,Sul,2021
13,526,VALENTINA,SC,Sul,2021
14,519,LIVIA,SC,Sul,2021
15,512,NOAH,SC,Sul,2021
16,507,HELOISA,SC,Sul,2021
17,495,CECILIA,SC,Sul,2021
18,488,SAMUEL,SC,Sul,2021
19,474,HENRIQUE,SC,Sul,2021
20,466,PEDRO HENRIQUE,SC,Sul,2021
21,451,PEDRO,SC,Sul,2021
22,435,SOPHIA,SC,Sul,2021
23,409,ANTONELLA,SC,Sul,2021
24,405,JULIA,SC,Sul,2021
25,391,MAITE,SC,Sul,2021
26,389,LORENZO,SC,Sul,2021
27,388,ANTHONY,SC,Sul,2021
28,380,MARIA ALICE,SC,Sul,2021
29,371,ENZO GABRIEL,SC,Sul,2021
30,371,LORENA,SC,Sul,2021
31,368,RAVI,SC,Sul,2021
32,368,MARIA CLARA,SC,Sul,2021
33,364,MANUELA,SC,Sul,2021
34,363,ISABELLA,SC,Sul,2021
35,359,VICENTE,SC,Sul,2021
36,357,BENICIO,SC,Sul,2021
37,355,LUCAS,SC,Sul,2021
38,329,BENJAMIN,SC,Sul,2021
39,321,ISAAC,SC,Sul,2021
40,314,ISIS,SC,Sul,2021
41,314,NICOLAS,SC,Sul,2021
42,310,LUIZA,SC,Sul,2021
43,308,AGATHA,SC,Sul,2021
44,305,SOFIA,SC,Sul,2021
45,302,MATHEUS,SC,Sul,2021
46,287,ISABELA,SC,Sul,2021
47,286,ELOA,SC,Sul,2021
48,281,ISADORA,SC,Sul,2021
49,275,MARIA HELENA,SC,Sul,2021
50,274,LARA,SC,Sul,2021
1,1612,MIGUEL,RS,Sul,2021
2,1544,ARTHUR,RS,Sul,2021
3,1361,HELENA,RS,Sul,2021
4,1122,ALICE,RS,Sul,2021
5,946,HEITOR,RS,Sul,2021
6,935,LAURA,RS,Sul,2021
7,932,THEO,RS,Sul,2021
8,931,BERNARDO,RS,Sul,2021
9,883,GABRIEL,RS,Sul,2021
10,834,GAEL,RS,Sul,2021
11,823,DAVI,RS,Sul,2021
12,817,JOAQUIM,RS,Sul,2021
13,792,CECILIA,RS,Sul,2021
14,700,VALENTINA,RS,Sul,2021
15,699,LIVIA,RS,Sul,2021
16,687,ANTONELLA,RS,Sul,2021
17,639,AURORA,RS,Sul,2021
18,627,MARIA CLARA,RS,Sul,2021
19,625,VICENTE,RS,Sul,2021
20,624,PEDRO HENRIQUE,RS,Sul,2021
21,622,LORENZO,RS,Sul,2021
22,605,SOPHIA,RS,Sul,2021
23,583,PEDRO,RS,Sul,2021
24,568,SAMUEL,RS,Sul,2021
25,554,MARIA ALICE,RS,Sul,2021
26,538,MANUELA,RS,Sul,2021
27,537,JULIA,RS,Sul,2021
28,535,HELOISA,RS,Sul,2021
29,515,MAITE,RS,Sul,2021
30,511,ENZO GABRIEL,RS,Sul,2021
31,509,SOFIA,RS,Sul,2021
32,500,NOAH,RS,Sul,2021
33,499,ISABELLA,RS,Sul,2021
34,492,MURILO,RS,Sul,2021
35,479,ISADORA,RS,Sul,2021
36,472,BENICIO,RS,Sul,2021
37,462,LUIZA,RS,Sul,2021
38,448,HENRIQUE,RS,Sul,2021
39,443,ANTHONY,RS,Sul,2021
40,436,LUCAS,RS,Sul,2021
41,433,LAVINIA,RS,Sul,2021
42,420,ANA CLARA,RS,Sul,2021
43,417,RAFAEL,RS,Sul,2021
44,414,MARIA EDUARDA,RS,Sul,2021
45,412,BENJAMIN,RS,Sul,2021
46,399,LORENA,RS,Sul,2021
47,396,MARIA LUIZA,RS,Sul,2021
48,380,JOAO PEDRO,RS,Sul,2021
49,371,AGATHA,RS,Sul,2021
50,363,MATHEUS,RS,Sul,2021
1,545,MIGUEL,MS,Centro-Oeste,2021
2,451,ARTHUR,MS,Centro-Oeste,2021
3,423,HELENA,MS,Centro-Oeste,2021
4,422,GAEL,MS,Centro-Oeste,2021
5,389,ALICE,MS,Centro-Oeste,2021
6,353,HEITOR,MS,Centro-Oeste,2021
7,291,THEO,MS,Centro-Oeste,2021
8,288,DAVI,MS,Centro-Oeste,2021
9,286,SAMUEL,MS,Centro-Oeste,2021
10,265,GABRIEL,MS,Centro-Oeste,2021
11,251,HELOISA,MS,Centro-Oeste,2021
12,233,CECILIA,MS,Centro-Oeste,2021
13,232,MARIA ALICE,MS,Centro-Oeste,2021
14,217,MAITE,MS,Centro-Oeste,2021
15,211,VALENTINA,MS,Centro-Oeste,2021
16,206,MARIA JULIA,MS,Centro-Oeste,2021
17,195,JOAO MIGUEL,MS,Centro-Oeste,2021
18,192,BERNARDO,MS,Centro-Oeste,2021
19,190,LORENA,MS,Centro-Oeste,2021
20,187,LAURA,MS,Centro-Oeste,2021
21,186,MARIA CLARA,MS,Centro-Oeste,2021
22,178,ENZO GABRIEL,MS,Centro-Oeste,2021
23,171,MANUELA,MS,Centro-Oeste,2021
24,168,SOPHIA,MS,Centro-Oeste,2021
25,165,BENICIO,MS,Centro-Oeste,2021
26,164,JULIA,MS,Centro-Oeste,2021
27,163,PEDRO,MS,Centro-Oeste,2021
28,162,JOAQUIM,MS,Centro-Oeste,2021
29,162,ISAAC,MS,Centro-Oeste,2021
30,162,LORENZO,MS,Centro-Oeste,2021
31,155,LIVIA,MS,Centro-Oeste,2021
32,151,MATHEUS,MS,Centro-Oeste,2021
33,149,PEDRO HENRIQUE,MS,Centro-Oeste,2021
34,148,EMANUELLY,MS,Centro-Oeste,2021
35,148,NOAH,MS,Centro-Oeste,2021
36,146,SOFIA,MS,Centro-Oeste,2021
37,144,ANTONELLA,MS,Centro-Oeste,2021
38,142,RAFAEL,MS,Centro-Oeste,2021
39,141,MARIA EDUARDA,MS,Centro-Oeste,2021
40,141,GUILHERME,MS,Centro-Oeste,2021
41,136,ELISA,MS,Centro-Oeste,2021
42,135,RAVI,MS,Centro-Oeste,2021
43,134,ANTHONY,MS,Centro-Oeste,2021
44,132,ELOA,MS,Centro-Oeste,2021
45,130,ANA JULIA,MS,Centro-Oeste,2021
46,130,ISIS,MS,Centro-Oeste,2021
47,129,ISADORA,MS,Centro-Oeste,2021
48,127,DANIEL,MS,Centro-Oeste,2021
49,125,LUCAS,MS,Centro-Oeste,2021
50,125,MARIA LUIZA,MS,Centro-Oeste,2021
1,617,MIGUEL,MT,Centro-Oeste,2021
2,525,HELENA,MT,Centro-Oeste,2021
3,522,HEITOR,MT,Centro-Oeste,2021
4,519,ARTHUR,MT,Centro-Oeste,2021
5,401,SAMUEL,MT,Centro-Oeste,2021
6,400,GAEL,MT,Centro-Oeste,2021
7,390,ALICE,MT,Centro-Oeste,2021
8,367,DAVI,MT,Centro-Oeste,2021
9,352,JOAO MIGUEL,MT,Centro-Oeste,2021
10,334,GABRIEL,MT,Centro-Oeste,2021
11,288,THEO,MT,Centro-Oeste,2021
12,280,CECILIA,MT,Centro-Oeste,2021
13,276,HELOISA,MT,Centro-Oeste,2021
14,262,MARIA ALICE,MT,Centro-Oeste,2021
15,261,ENZO GABRIEL,MT,Centro-Oeste,2021
16,255,LAURA,MT,Centro-Oeste,2021
17,249,MARIA CECILIA,MT,Centro-Oeste,2021
18,235,VALENTINA,MT,Centro-Oeste,2021
19,229,BERNARDO,MT,Centro-Oeste,2021
20,216,MARIA JULIA,MT,Centro-Oeste,2021
21,214,MARIA CLARA,MT,Centro-Oeste,2021
22,209,BENICIO,MT,Centro-Oeste,2021
23,201,PEDRO,MT,Centro-Oeste,2021
24,192,LIVIA,MT,Centro-Oeste,2021
25,189,JULIA,MT,Centro-Oeste,2021
26,188,LORENZO,MT,Centro-Oeste,2021
27,185,MARIA HELENA,MT,Centro-Oeste,2021
28,185,MARIA EDUARDA,MT,Centro-Oeste,2021
29,183,SOPHIA,MT,Centro-Oeste,2021
30,181,PEDRO HENRIQUE,MT,Centro-Oeste,2021
31,170,JOAO PEDRO,MT,Centro-Oeste,2021
32,168,ELISA,MT,Centro-Oeste,2021
33,166,LORENA,MT,Centro-Oeste,2021
34,166,ISAAC,MT,Centro-Oeste,2021
35,164,MAITE,MT,Centro-Oeste,2021
36,163,RAVI,MT,Centro-Oeste,2021
37,162,ISIS,MT,Centro-Oeste,2021
38,160,HENRIQUE,MT,Centro-Oeste,2021
39,159,ANA CLARA,MT,Centro-Oeste,2021
40,159,RAFAEL,MT,Centro-Oeste,2021
41,158,ISADORA,MT,Centro-Oeste,2021
42,158,GUILHERME,MT,Centro-Oeste,2021
43,157,ELOA,MT,Centro-Oeste,2021
44,155,ANA JULIA,MT,Centro-Oeste,2021
45,154,NICOLAS,MT,Centro-Oeste,2021
46,150,ARTHUR MIGUEL,MT,Centro-Oeste,2021
47,149,JOAO LUCAS,MT,Centro-Oeste,2021
48,147,SOFIA,MT,Centro-Oeste,2021
49,145,ANTHONY,MT,Centro-Oeste,2021
50,145,JOAQUIM,MT,Centro-Oeste,2021
1,1218,MIGUEL,GO,Centro-Oeste,2021
2,982,HELENA,GO,Centro-Oeste,2021
3,947,HEITOR,GO,Centro-Oeste,2021
4,937,ARTHUR,GO,Centro-Oeste,2021
5,922,ALICE,GO,Centro-Oeste,2021
6,800,GAEL,GO,Centro-Oeste,2021
7,741,DAVI,GO,Centro-Oeste,2021
8,711,JOAO MIGUEL,GO,Centro-Oeste,2021
9,668,GABRIEL,GO,Centro-Oeste,2021
10,665,SAMUEL,GO,Centro-Oeste,2021
11,650,LAURA,GO,Centro-Oeste,2021
12,600,MARIA ALICE,GO,Centro-Oeste,2021
13,589,CECILIA,GO,Centro-Oeste,2021
14,567,THEO,GO,Centro-Oeste,2021
15,551,ELISA,GO,Centro-Oeste,2021
16,532,HELOISA,GO,Centro-Oeste,2021
17,483,MARIA CECILIA,GO,Centro-Oeste,2021
18,466,BERNARDO,GO,Centro-Oeste,2021
19,430,VALENTINA,GO,Centro-Oeste,2021
20,418,NOAH,GO,Centro-Oeste,2021
21,400,ENZO GABRIEL,GO,Centro-Oeste,2021
22,394,PEDRO,GO,Centro-Oeste,2021
23,383,ISAAC,GO,Centro-Oeste,2021
24,367,BENICIO,GO,Centro-Oeste,2021
25,354,RAVI,GO,Centro-Oeste,2021
26,349,JULIA,GO,Centro-Oeste,2021
27,328,MARIA CLARA,GO,Centro-Oeste,2021
28,328,HENRIQUE,GO,Centro-Oeste,2021
29,327,SOPHIA,GO,Centro-Oeste,2021
30,325,ISIS,GO,Centro-Oeste,2021
31,319,MANUELA,GO,Centro-Oeste,2021
32,315,LORENZO,GO,Centro-Oeste,2021
33,313,LIZ,GO,Centro-Oeste,2021
34,306,MARIA JULIA,GO,Centro-Oeste,2021
35,299,ELOA,GO,Centro-Oeste,2021
36,298,JOAO PEDRO,GO,Centro-Oeste,2021
37,288,AURORA,GO,Centro-Oeste,2021
38,285,MARIANA,GO,Centro-Oeste,2021
39,279,ISABELLA,GO,Centro-Oeste,2021
40,276,MAITE,GO,Centro-Oeste,2021
41,265,NICOLAS,GO,Centro-Oeste,2021
42,254,EMANUELLY,GO,Centro-Oeste,2021
43,250,ANTONELLA,GO,Centro-Oeste,2021
44,244,DANIEL,GO,Centro-Oeste,2021
45,243,LUCAS,GO,Centro-Oeste,2021
46,239,ESTHER,GO,Centro-Oeste,2021
47,239,MANUELLA,GO,Centro-Oeste,2021
48,237,SOFIA,GO,Centro-Oeste,2021
49,236,MARIA EDUARDA,GO,Centro-Oeste,2021
50,236,ANA LAURA,GO,Centro-Oeste,2021
1,574,MIGUEL,DF,Centro-Oeste,2021
2,493,HEITOR,DF,Centro-Oeste,2021
3,488,HELENA,DF,Centro-Oeste,2021
4,483,ARTHUR,DF,Centro-Oeste,2021
5,470,GAEL,DF,Centro-Oeste,2021
6,443,ALICE,DF,Centro-Oeste,2021
7,397,THEO,DF,Centro-Oeste,2021
8,396,LAURA,DF,Centro-Oeste,2021
9,389,DAVI,DF,Centro-Oeste,2021
10,384,BERNARDO,DF,Centro-Oeste,2021
11,342,SAMUEL,DF,Centro-Oeste,2021
12,329,GABRIEL,DF,Centro-Oeste,2021
13,299,MARIA ALICE,DF,Centro-Oeste,2021
14,283,NOAH,DF,Centro-Oeste,2021
15,268,HELOISA,DF,Centro-Oeste,2021
16,265,RAVI,DF,Centro-Oeste,2021
17,263,MAITE,DF,Centro-Oeste,2021
18,261,CECILIA,DF,Centro-Oeste,2021
19,247,JOAO MIGUEL,DF,Centro-Oeste,2021
20,234,MARIA CECILIA,DF,Centro-Oeste,2021
21,228,LIZ,DF,Centro-Oeste,2021
22,213,ELISA,DF,Centro-Oeste,2021
23,212,JULIA,DF,Centro-Oeste,2021
24,207,ISAAC,DF,Centro-Oeste,2021
25,198,MARIA CLARA,DF,Centro-Oeste,2021
26,196,ELOA,DF,Centro-Oeste,2021
27,194,MARIA JULIA,DF,Centro-Oeste,2021
28,193,VALENTINA,DF,Centro-Oeste,2021
29,190,PEDRO,DF,Centro-Oeste,2021
30,181,LEVI,DF,Centro-Oeste,2021
31,179,ENZO GABRIEL,DF,Centro-Oeste,2021
32,178,MANUELA,DF,Centro-Oeste,2021
33,168,SOPHIA,DF,Centro-Oeste,2021
34,166,LUCAS,DF,Centro-Oeste,2021
35,158,MARIA EDUARDA,DF,Centro-Oeste,2021
36,155,RAFAEL,DF,Centro-Oeste,2021
37,153,NICOLAS,DF,Centro-Oeste,2021
38,153,HENRIQUE,DF,Centro-Oeste,2021
39,151,LORENZO,DF,Centro-Oeste,2021
40,149,BENICIO,DF,Centro-Oeste,2021
41,147,ISABELLA,DF,Centro-Oeste,2021
42,144,MARIANA,DF,Centro-Oeste,2021
43,144,DANIEL,DF,Centro-Oeste,2021
44,143,MARIA HELENA,DF,Centro-Oeste,2021
45,140,ANA CLARA,DF,Centro-Oeste,2021
46,140,GUILHERME,DF,Centro-Oeste,2021
47,136,ISADORA,DF,Centro-Oeste,2021
48,131,JOAO PEDRO,DF,Centro-Oeste,2021
49,129,GUSTAVO,DF,Centro-Oeste,2021
50,126,SOFIA,DF,Centro-Oeste,2021
